minute_utc,PSD_30_45_mean,PSD_30_45_int
2025-07-05 03:01:00,5.4465720988495996e-21,2.178426659525725e-19
2025-07-05 03:02:00,4.960201793564972e-21,1.9838988257629045e-19
2025-07-05 03:03:00,,
2025-07-05 03:04:00,5.048223998980449e-22,2.0190962720494912e-20
2025-07-05 03:05:00,1.5819560240038024e-21,6.327199950380297e-20
2025-07-05 03:06:00,5.138869291292116e-21,2.055351153522838e-19
2025-07-05 03:07:00,,
2025-07-05 03:08:00,7.917486517400978e-21,3.1667027125130487e-19
2025-07-05 03:09:00,3.935392431334551e-21,1.573981830649082e-19
2025-07-05 03:10:00,6.273824638022507e-22,2.509070232745714e-20
2025-07-05 03:11:00,,
2025-07-05 03:12:00,8.592109407090156e-22,3.4364625310831637e-20
2025-07-05 03:13:00,5.813006957569246e-22,2.3249555394239315e-20
2025-07-05 03:14:00,,
2025-07-05 03:15:00,9.180146582252816e-23,3.670251422370104e-21
2025-07-05 03:16:00,3.590387790253731e-22,1.4359185238615276e-20
2025-07-05 03:17:00,9.331267995665445e-21,3.7321622191249223e-19
2025-07-05 03:18:00,,
2025-07-05 03:19:00,8.536726020345462e-21,3.414367790618115e-19
2025-07-05 03:20:00,5.45000217380899e-21,2.1797991360897635e-19
2025-07-05 03:21:00,5.042874923103223e-22,2.0169317235150723e-20
2025-07-05 03:22:00,,
2025-07-05 03:23:00,7.772643484994598e-22,3.108661473868928e-20
2025-07-05 03:24:00,4.465531199169871e-21,1.7860410562801472e-19
2025-07-05 03:25:00,7.283618687443936e-21,2.913163825142821e-19
2025-07-05 03:26:00,,
2025-07-05 03:27:00,5.65835799244894e-21,2.2631019149366013e-19
2025-07-05 03:28:00,1.082012318027902e-21,4.327541587916102e-20
2025-07-05 03:29:00,,
2025-07-05 03:30:00,2.7065221865207196e-22,1.0809474518813128e-20
2025-07-05 03:31:00,1.292115683417886e-22,5.167343967989941e-21
2025-07-05 03:32:00,3.1620332478312655e-22,1.2645765730853372e-20
2025-07-05 03:33:00,,
2025-07-05 03:34:00,4.627888415550155e-22,1.8507822460983197e-20
2025-07-05 03:35:00,1.4379149862615301e-21,5.751129949562972e-20
2025-07-05 03:36:00,9.824817003004818e-21,3.9295661701009877e-19
2025-07-05 03:37:00,,
2025-07-05 03:38:00,7.59183424311887e-21,3.036448852144855e-19
2025-07-05 03:39:00,4.985482173317199e-21,1.9940050085866753e-19
2025-07-05 03:40:00,1.5400543799974953e-22,6.159030018122207e-21
2025-07-05 03:41:00,,
2025-07-05 03:42:00,3.2482886478615075e-21,1.2991940585032942e-19
2025-07-05 03:43:00,7.695139127579468e-21,3.077765290141592e-19
2025-07-05 03:44:00,,
2025-07-05 03:45:00,6.4234130045700325e-21,2.569111203236399e-19
2025-07-05 03:46:00,2.3215910469184986e-21,9.285477314915834e-20
2025-07-05 03:47:00,4.042032376971095e-22,1.6166445277528074e-20
2025-07-05 03:48:00,,
2025-07-05 03:49:00,1.553449444510969e-22,6.211903885115656e-21
2025-07-05 03:50:00,1.0076543341812826e-22,4.028824215411138e-21
2025-07-05 03:51:00,5.173264846370509e-22,2.0690915358704265e-20
2025-07-05 03:52:00,,
2025-07-05 03:53:00,5.222116806192154e-22,2.088652984600468e-20
2025-07-05 03:54:00,4.6673930912442015e-21,1.8667808220576608e-19
2025-07-05 03:55:00,1.0811167418659109e-20,4.3240695154265534e-19
2025-07-05 03:56:00,,
2025-07-05 03:57:00,6.887403021219981e-21,2.7546952536296607e-19
2025-07-05 03:58:00,,
2025-07-05 03:59:00,,
2025-07-05 04:00:00,,
2025-07-05 04:01:00,1.814966368254969e-22,7.25667080857468e-21
2025-07-05 04:02:00,7.365035921010439e-23,2.9452520094565485e-21
2025-07-05 04:03:00,,
2025-07-05 04:04:00,2.9936100532973783e-22,1.1972502981473918e-20
2025-07-05 04:05:00,4.68867320781813e-22,1.875125321362012e-20
2025-07-05 04:06:00,8.764095258525521e-23,3.5032099961288055e-21
2025-07-05 04:07:00,,
2025-07-05 04:08:00,1.1622575533965304e-22,4.646761673404901e-21
2025-07-05 04:09:00,9.345708446198389e-23,3.718667399711172e-21
2025-07-05 04:10:00,7.976050210393214e-23,3.1886505341880398e-21
2025-07-05 04:11:00,,
2025-07-05 04:12:00,1.7005529523183408e-22,6.801126546285113e-21
2025-07-05 04:13:00,4.786443314093203e-23,1.914124436766183e-21
2025-07-05 04:14:00,,
2025-07-05 04:15:00,1.1703193450533015e-22,4.6797606816623875e-21
2025-07-05 04:16:00,4.529308759577959e-23,1.810407581816423e-21
2025-07-05 04:17:00,2.6485855784405397e-22,1.0592838049409034e-20
2025-07-05 04:18:00,,
2025-07-05 04:19:00,3.8722452489325276e-22,1.5483637908482726e-20
2025-07-05 04:20:00,8.129347917937786e-22,3.2513962265352134e-20
2025-07-05 04:21:00,2.1427601930588757e-22,8.569017733519615e-21
2025-07-05 04:22:00,,
2025-07-05 04:23:00,3.5211420617046005e-23,1.4079284607997728e-21
2025-07-05 04:24:00,3.2722309706485967e-23,1.3082757386780887e-21
2025-07-05 04:25:00,4.7954485462177666e-23,1.9168593422190733e-21
2025-07-05 04:26:00,,
2025-07-05 04:27:00,4.059529488091203e-23,1.6230099254091291e-21
2025-07-05 04:28:00,3.3781586902468767e-23,1.3502720170183766e-21
2025-07-05 04:29:00,,
2025-07-05 04:30:00,1.1392565428134794e-22,4.556090293871953e-21
2025-07-05 04:31:00,3.786599882804666e-23,1.513883577808519e-21
2025-07-05 04:32:00,3.9222665125261475e-23,1.5681602996164737e-21
2025-07-05 04:33:00,,
2025-07-05 04:34:00,1.7226365031740783e-22,6.889885652918959e-21
2025-07-05 04:35:00,2.867283056446373e-23,1.1467235610183436e-21
2025-07-05 04:36:00,3.868392719988595e-23,1.5470223607515057e-21
2025-07-05 04:37:00,,
2025-07-05 04:38:00,2.262844880734911e-22,9.050243961264051e-21
2025-07-05 04:39:00,5.38656205590529e-23,2.154150793303127e-21
2025-07-05 04:40:00,3.997249206303062e-23,1.5984831108249603e-21
2025-07-05 04:41:00,,
2025-07-05 04:42:00,6.866420678994919e-23,2.745154543494582e-21
2025-07-05 04:43:00,4.9881100065964606e-23,1.995034948775843e-21
2025-07-05 04:44:00,,
2025-07-05 04:45:00,4.288230469352644e-23,1.7144110221108216e-21
2025-07-05 04:46:00,3.158057734236867e-22,1.2630220785058885e-20
2025-07-05 04:47:00,7.050610989135082e-23,2.8195979013801296e-21
2025-07-05 04:48:00,,
2025-07-05 04:49:00,9.406337387094907e-23,3.7620615419794376e-21
2025-07-05 04:50:00,1.6193950042319815e-22,6.47676904287793e-21
2025-07-05 04:51:00,4.177158254381929e-23,1.6701912222901825e-21
2025-07-05 04:52:00,,
2025-07-05 04:53:00,3.9415597927905313e-22,1.576474739040684e-20
2025-07-05 04:54:00,5.594312394063387e-23,2.237510633896682e-21
2025-07-05 04:55:00,3.5154828862803064e-23,1.4056587702093087e-21
2025-07-05 04:56:00,,
2025-07-05 04:57:00,4.0205715411968507e-23,1.608039072588282e-21
2025-07-05 04:58:00,,
2025-07-05 04:59:00,,
2025-07-05 05:00:00,,
2025-07-05 05:01:00,3.732745355000576e-23,1.4920994886804625e-21
2025-07-05 05:02:00,3.3898925102639795e-22,1.3557215974109178e-20
2025-07-05 05:03:00,,
2025-07-05 05:04:00,4.077001351466903e-23,1.6293155156004622e-21
2025-07-05 05:05:00,7.31753992321707e-23,2.9267423288311318e-21
2025-07-05 05:06:00,3.290535174742207e-22,1.3159953005015325e-20
2025-07-05 05:07:00,,
2025-07-05 05:08:00,4.458371221547321e-23,1.779012032130868e-21
2025-07-05 05:09:00,2.7423044899620864e-22,1.0967074950784416e-20
2025-07-05 05:10:00,5.492821788339754e-23,2.1968867425483844e-21
2025-07-05 05:11:00,,
2025-07-05 05:12:00,3.199769243512773e-23,1.2794783536855911e-21
2025-07-05 05:13:00,4.084835037743958e-23,1.6306438224016562e-21
2025-07-05 05:14:00,,
2025-07-05 05:15:00,1.1388632463706582e-22,4.554775725490044e-21
2025-07-05 05:16:00,8.38915541197954e-23,3.3537571532533806e-21
2025-07-05 05:17:00,2.2312268502463137e-22,8.922847165248505e-21
2025-07-05 05:18:00,,
2025-07-05 05:19:00,4.92122625669878e-23,1.968144950825375e-21
2025-07-05 05:20:00,8.805181573797869e-23,3.5215516133595556e-21
2025-07-05 05:21:00,1.102681507169622e-22,4.409810357617513e-21
2025-07-05 05:22:00,,
2025-07-05 05:23:00,2.000702685029424e-21,8.002031000020971e-20
2025-07-05 05:24:00,4.0793843668275675e-22,1.6293837106008587e-20
2025-07-05 05:25:00,5.0131673412915196e-23,2.004327569238455e-21
2025-07-05 05:26:00,,
2025-07-05 05:27:00,2.915996780603226e-23,1.1661644211392704e-21
2025-07-05 05:28:00,3.293239946820794e-23,1.3169902249522278e-21
2025-07-05 05:29:00,,
2025-07-05 05:30:00,2.7521725452313463e-22,1.1007494259097719e-20
2025-07-05 05:31:00,1.056102933652772e-22,4.223238683749189e-21
2025-07-05 05:32:00,6.047516125794787e-23,2.418415753763373e-21
2025-07-05 05:33:00,,
2025-07-05 05:34:00,9.886768180053587e-23,3.95379514161833e-21
2025-07-05 05:35:00,4.997179083378513e-23,1.9977125789318105e-21
2025-07-05 05:36:00,1.789624607746668e-22,7.157759526594044e-21
2025-07-05 05:37:00,,
2025-07-05 05:38:00,2.2040043283159825e-22,8.81483180781432e-21
2025-07-05 05:39:00,3.450583776876931e-23,1.3797202324805777e-21
2025-07-05 05:40:00,2.395019871296316e-22,9.578481116344788e-21
2025-07-05 05:41:00,,
2025-07-05 05:42:00,1.5664397210435105e-22,6.265058153430568e-21
2025-07-05 05:43:00,3.5613766882597e-22,1.4244196530055517e-20
2025-07-05 05:44:00,,
2025-07-05 05:45:00,2.196655479733236e-22,8.785541902421321e-21
2025-07-05 05:46:00,3.0607268511527456e-22,1.2241619162576958e-20
2025-07-05 05:47:00,1.2564235124594103e-22,5.024106612339934e-21
2025-07-05 05:48:00,,
2025-07-05 05:49:00,1.288673199514334e-22,5.154109299255345e-21
2025-07-05 05:50:00,2.4085207857981684e-22,9.632700201578667e-21
2025-07-05 05:51:00,2.0599392247897508e-22,8.238824647838817e-21
2025-07-05 05:52:00,,
2025-07-05 05:53:00,1.0293810365957046e-22,4.1171451127876015e-21
2025-07-05 05:54:00,4.493636601142926e-23,1.794958121898319e-21
2025-07-05 05:55:00,2.8823081803483824e-22,1.1527760941492879e-20
2025-07-05 05:56:00,,
2025-07-05 05:57:00,2.2466272114284524e-22,8.984364526563467e-21
2025-07-05 05:58:00,,
2025-07-05 05:59:00,,
2025-07-05 06:00:00,,
2025-07-05 06:01:00,1.3741183454763853e-22,5.495647780277958e-21
2025-07-05 06:02:00,7.607942217320797e-22,3.0428047451560867e-20
2025-07-05 06:03:00,,
2025-07-05 06:04:00,1.1727275639929042e-22,4.690402563040792e-21
2025-07-05 06:05:00,3.361431014460634e-22,1.3444345056338274e-20
2025-07-05 06:06:00,1.0231725162734735e-22,4.09220377387613e-21
2025-07-05 06:07:00,,
2025-07-05 06:08:00,2.2825029631362247e-22,9.127831191929457e-21
2025-07-05 06:09:00,1.378937721766173e-22,5.514685133844679e-21
2025-07-05 06:10:00,3.253265030954467e-22,1.3011762599351323e-20
2025-07-05 06:11:00,,
2025-07-05 06:12:00,3.5021394257729497e-23,1.3996821119697722e-21
2025-07-05 06:13:00,5.39098672324588e-22,2.1561889653440113e-20
2025-07-05 06:14:00,,
2025-07-05 06:15:00,1.0022045416892744e-22,4.007324879607543e-21
2025-07-05 06:16:00,4.962050995637618e-23,1.983931673938887e-21
2025-07-05 06:17:00,3.2898171791933174e-22,1.3158038822195818e-20
2025-07-05 06:18:00,,
2025-07-05 06:19:00,4.504676653027378e-23,1.8015635504545006e-21
2025-07-05 06:20:00,1.3786056337450824e-22,5.513871105883539e-21
2025-07-05 06:21:00,1.9383663139620652e-22,7.752659299073966e-21
2025-07-05 06:22:00,,
2025-07-05 06:23:00,4.88282603017366e-22,1.952899456509577e-20
2025-07-05 06:24:00,3.3270891077210394e-22,1.330403189149262e-20
2025-07-05 06:25:00,2.5271857587975934e-22,1.0107636614939138e-20
2025-07-05 06:26:00,,
2025-07-05 06:27:00,1.443689960322663e-22,5.7742202036371615e-21
2025-07-05 06:28:00,4.1913256632270465e-23,1.6758739051339057e-21
2025-07-05 06:29:00,,
2025-07-05 06:30:00,1.0142937571067451e-22,4.056615831824709e-21
2025-07-05 06:31:00,5.262697397467307e-22,2.104865913211939e-20
2025-07-05 06:32:00,2.867634362977032e-22,1.1469354941150662e-20
2025-07-05 06:33:00,,
2025-07-05 06:34:00,3.012805155852941e-22,1.2050110585895693e-20
2025-07-05 06:35:00,1.7434783718505604e-22,6.972674078174715e-21
2025-07-05 06:36:00,4.679085793271434e-23,1.8711995391546066e-21
2025-07-05 06:37:00,,
2025-07-05 06:38:00,2.697688285808157e-22,1.0788634126357399e-20
2025-07-05 06:39:00,2.338230014699679e-22,9.351631722455013e-21
2025-07-05 06:40:00,6.484717643868688e-23,2.5931553348154714e-21
2025-07-05 06:41:00,,
2025-07-05 06:42:00,3.0708921258998215e-23,1.228183896361015e-21
2025-07-05 06:43:00,3.255977062207061e-23,1.3022051227820522e-21
2025-07-05 06:44:00,,
2025-07-05 06:45:00,3.567922011644126e-23,1.4269020629351622e-21
2025-07-05 06:46:00,4.483333231306135e-22,1.7931170537627224e-20
2025-07-05 06:47:00,2.897270451182379e-22,1.1587786975082313e-20
2025-07-05 06:48:00,,
2025-07-05 06:49:00,7.394711611882465e-22,2.9574132325950654e-20
2025-07-05 06:50:00,4.713264677781774e-22,1.8850862591671653e-20
2025-07-05 06:51:00,3.8012545589622404e-22,1.5203135252952937e-20
2025-07-05 06:52:00,,
2025-07-05 06:53:00,1.4640229385059428e-22,5.854619466769324e-21
2025-07-05 06:54:00,2.2121194054228615e-22,8.847666298116463e-21
2025-07-05 06:55:00,3.671054276584986e-22,1.468233568419628e-20
2025-07-05 06:56:00,,
2025-07-05 06:57:00,6.649148187435762e-22,2.6593901192980186e-20
2025-07-05 06:58:00,,
2025-07-05 06:59:00,,
2025-07-05 07:00:00,,
2025-07-05 07:01:00,1.3916462148817702e-21,5.56592750403916e-20
2025-07-05 07:02:00,7.64309259885353e-23,3.056882022235281e-21
2025-07-05 07:03:00,,
2025-07-05 07:04:00,9.077872836998838e-23,3.629734653281932e-21
2025-07-05 07:05:00,6.24117952727775e-23,2.4960326286345157e-21
2025-07-05 07:06:00,1.5881568075591294e-22,6.352021548308352e-21
2025-07-05 07:07:00,,
2025-07-05 07:08:00,1.880559326382952e-22,7.516882027313934e-21
2025-07-05 07:09:00,8.704040539050017e-23,3.4802596461164046e-21
2025-07-05 07:10:00,1.3754690939211737e-22,5.496943951405754e-21
2025-07-05 07:11:00,,
2025-07-05 07:12:00,9.588442191992886e-22,3.835024514417994e-20
2025-07-05 07:13:00,6.531937090828343e-22,2.6124826597926142e-20
2025-07-05 07:14:00,,
2025-07-05 07:15:00,2.4097075583659463e-22,9.637584034175462e-21
2025-07-05 07:16:00,5.19136854995359e-22,2.0762991467401704e-20
2025-07-05 07:17:00,3.9345630616585625e-23,1.573240919756689e-21
2025-07-05 07:18:00,,
2025-07-05 07:19:00,4.194161670473687e-22,1.6775015740531333e-20
2025-07-05 07:20:00,7.936060992097387e-22,3.1740948492382514e-20
2025-07-05 07:21:00,3.0351920320262184e-21,1.2139642652141432e-19
2025-07-05 07:22:00,,
2025-07-05 07:23:00,1.2555415815214073e-21,5.021670267885201e-20
2025-07-05 07:24:00,6.843181006390254e-23,2.736575334592655e-21
2025-07-05 07:25:00,3.782324845314004e-22,1.511895818569559e-20
2025-07-05 07:26:00,,
2025-07-05 07:27:00,1.4984150997971107e-22,5.9928415759799744e-21
2025-07-05 07:28:00,2.3649020957005965e-22,9.457603740271494e-21
2025-07-05 07:29:00,,
2025-07-05 07:30:00,2.684354119503291e-21,1.073628480838277e-19
2025-07-05 07:31:00,7.4645018668161215e-22,2.984688286714255e-20
2025-07-05 07:32:00,1.7538684923888374e-22,7.011019936751297e-21
2025-07-05 07:33:00,,
2025-07-05 07:34:00,3.4125088761773484e-22,1.3648595252873335e-20
2025-07-05 07:35:00,1.1493617215904323e-21,4.596957700034046e-20
2025-07-05 07:36:00,1.6041445074630133e-21,6.415989630457965e-20
2025-07-05 07:37:00,,
2025-07-05 07:38:00,9.149217467626815e-23,3.658866109890897e-21
2025-07-05 07:39:00,2.948565115198656e-22,1.1793149892741544e-20
2025-07-05 07:40:00,1.4336490617112831e-22,5.7311598423307024e-21
2025-07-05 07:41:00,,
2025-07-05 07:42:00,3.768119389648458e-21,1.5071095442593096e-19
2025-07-05 07:43:00,1.9466253753531945e-22,7.78526328093366e-21
2025-07-05 07:44:00,,
2025-07-05 07:45:00,3.6033429879478813e-22,1.4412002865003675e-20
2025-07-05 07:46:00,7.710418061516011e-23,3.0790368891093195e-21
2025-07-05 07:47:00,4.1344987137172234e-22,1.6534273346223974e-20
2025-07-05 07:48:00,,
2025-07-05 07:49:00,5.964925353008349e-21,2.3857509510780006e-19
2025-07-05 07:50:00,6.014289375851091e-23,2.404732767048387e-21
2025-07-05 07:51:00,7.974217863966518e-22,3.189392715399603e-20
2025-07-05 07:52:00,,
2025-07-05 07:53:00,9.67658584705407e-23,3.869370397647951e-21
2025-07-05 07:54:00,5.6494326139348785e-21,2.25953908280163e-19
2025-07-05 07:55:00,1.789206713854393e-21,7.15593793150331e-20
2025-07-05 07:56:00,,
2025-07-05 07:57:00,9.310950951210886e-22,3.723289577459631e-20
2025-07-05 07:58:00,,
2025-07-05 07:59:00,,
2025-07-05 08:00:00,,
2025-07-05 08:01:00,1.0982535079419703e-20,4.392606831396338e-19
2025-07-05 08:02:00,4.875983776226132e-22,1.9501657663259522e-20
2025-07-05 08:03:00,,
2025-07-05 08:04:00,8.92000816947534e-22,3.5676576956759434e-20
2025-07-05 08:05:00,1.1732144461525417e-22,4.6922333311878145e-21
2025-07-05 08:06:00,2.100722439578375e-21,8.402118639239738e-20
2025-07-05 08:07:00,,
2025-07-05 08:08:00,5.941151466602408e-21,2.376240471028142e-19
2025-07-05 08:09:00,1.1476844639187819e-21,4.590302703297582e-20
2025-07-05 08:10:00,1.97813683675102e-22,7.91175592490392e-21
2025-07-05 08:11:00,,
2025-07-05 08:12:00,1.0335878652449992e-22,4.133243613172705e-21
2025-07-05 08:13:00,2.2626375140544516e-22,9.049261957843073e-21
2025-07-05 08:14:00,,
2025-07-05 08:15:00,5.002102243322156e-22,2.0006279552564938e-20
2025-07-05 08:16:00,2.4802871222483667e-22,9.920051846342734e-21
2025-07-05 08:17:00,4.50627465040307e-22,1.8023246129612496e-20
2025-07-05 08:18:00,,
2025-07-05 08:19:00,4.769112398385657e-22,1.9074168947250397e-20
2025-07-05 08:20:00,1.3565557396975023e-22,5.425516348809172e-21
2025-07-05 08:21:00,2.612130912722053e-21,1.0447556460407602e-19
2025-07-05 08:22:00,,
2025-07-05 08:23:00,5.466815978498391e-22,2.1864416305826277e-20
2025-07-05 08:24:00,4.2258805656653257e-22,1.6901897864842938e-20
2025-07-05 08:25:00,1.6457792987896935e-21,6.582513739628883e-20
2025-07-05 08:26:00,,
2025-07-05 08:27:00,3.503611165401731e-22,1.4012988016937274e-20
2025-07-05 08:28:00,2.912361157585991e-22,1.1647872734751692e-20
2025-07-05 08:29:00,,
2025-07-05 08:30:00,1.703184097631492e-22,6.790661471333158e-21
2025-07-05 08:31:00,7.587317768699014e-22,3.0345138264316935e-20
2025-07-05 08:32:00,1.0486472565655294e-22,4.192868969576112e-21
2025-07-05 08:33:00,,
2025-07-05 08:34:00,2.9563536568644953e-22,1.1821277301912334e-20
2025-07-05 08:35:00,9.555457967870708e-23,3.8214040192820174e-21
2025-07-05 08:36:00,1.692462327193207e-22,6.768433002292172e-21
2025-07-05 08:37:00,,
2025-07-05 08:38:00,2.1123053977267477e-21,8.44839650107099e-20
2025-07-05 08:39:00,9.832749664616828e-22,3.932677896614208e-20
2025-07-05 08:40:00,5.2599617316852385e-22,2.1037036925530525e-20
2025-07-05 08:41:00,,
2025-07-05 08:42:00,6.603790834430186e-23,2.64060427051468e-21
2025-07-05 08:43:00,1.3057273693137608e-22,5.21978034898805e-21
2025-07-05 08:44:00,,
2025-07-05 08:45:00,1.9807027007248708e-21,7.921802021860489e-20
2025-07-05 08:46:00,9.985735520851256e-23,3.992418987705533e-21
2025-07-05 08:47:00,9.42952892616255e-22,3.771448638333468e-20
2025-07-05 08:48:00,,
2025-07-05 08:49:00,1.129555586711305e-21,4.517757971168312e-20
2025-07-05 08:50:00,2.0590881470332703e-22,8.234893239085662e-21
2025-07-05 08:51:00,2.2282751301858813e-21,8.912188271129007e-20
2025-07-05 08:52:00,,
2025-07-05 08:53:00,2.2075634348385073e-22,8.818429147799577e-21
2025-07-05 08:54:00,2.4448733809392074e-22,9.777266830530737e-21
2025-07-05 08:55:00,1.6002362734390203e-22,6.3992629369763544e-21
2025-07-05 08:56:00,,
2025-07-05 08:57:00,7.989910547632208e-22,3.1953657370357647e-20
2025-07-05 08:58:00,,
2025-07-05 08:59:00,,
2025-07-05 09:00:00,,
2025-07-05 09:01:00,1.0641848881074549e-22,4.254085981438259e-21
2025-07-05 09:02:00,4.573540535912634e-22,1.8291328663090808e-20
2025-07-05 09:03:00,,
2025-07-05 09:04:00,1.0229127387868249e-22,4.090347305260146e-21
2025-07-05 09:05:00,2.8634349381188177e-22,1.1452476793822796e-20
2025-07-05 09:06:00,9.376829254065287e-23,3.750124657662319e-21
2025-07-05 09:07:00,,
2025-07-05 09:08:00,3.780203008219307e-22,1.5112784390612477e-20
2025-07-05 09:09:00,1.386824943191902e-22,5.546041795899845e-21
2025-07-05 09:10:00,3.3449274206870575e-22,1.337810018003065e-20
2025-07-05 09:11:00,,
2025-07-05 09:12:00,2.769734398467576e-22,1.107775646775201e-20
2025-07-05 09:13:00,1.0559490527330987e-22,4.222762900246898e-21
2025-07-05 09:14:00,,
2025-07-05 09:15:00,1.9064503044714526e-22,7.622218409888337e-21
2025-07-05 09:16:00,3.774155557139918e-22,1.5094694993247787e-20
2025-07-05 09:17:00,1.2496372345061482e-21,4.9976998233132805e-20
2025-07-05 09:18:00,,
2025-07-05 09:19:00,3.057479423935474e-22,1.2227949314544831e-20
2025-07-05 09:20:00,2.1129526543317315e-22,8.449146079517997e-21
2025-07-05 09:21:00,9.258009237453251e-22,3.702752027694265e-20
2025-07-05 09:22:00,,
2025-07-05 09:23:00,2.4039743802947668e-21,9.614685963514316e-20
2025-07-05 09:24:00,6.967884085161564e-23,2.7851696329190096e-21
2025-07-05 09:25:00,2.5956527737133865e-22,1.0379833287835463e-20
2025-07-05 09:26:00,,
2025-07-05 09:27:00,5.337141085375811e-21,2.134636894035017e-19
2025-07-05 09:28:00,1.8786976863649014e-20,7.514036657179946e-19
2025-07-05 09:29:00,,
2025-07-05 09:30:00,2.0801016203011578e-20,8.31961153863882e-19
2025-07-05 09:31:00,4.1279626978251715e-21,1.6510186444568593e-19
2025-07-05 09:32:00,1.3810378753708815e-21,5.52357647827706e-20
2025-07-05 09:33:00,,
2025-07-05 09:34:00,8.434755745971407e-22,3.3735549056657676e-20
2025-07-05 09:35:00,2.64208609327245e-22,1.0567229262051907e-20
2025-07-05 09:36:00,6.459346745193288e-22,2.583326325995754e-20
2025-07-05 09:37:00,,
2025-07-05 09:38:00,1.80840119411577e-21,7.232760524417726e-20
2025-07-05 09:39:00,9.745997179194859e-21,3.898040839284428e-19
2025-07-05 09:40:00,4.254346656147987e-20,1.7015808136497348e-18
2025-07-05 09:41:00,,
2025-07-05 09:42:00,1.1932870880231617e-21,4.772213489400839e-20
2025-07-05 09:43:00,7.201699801539413e-22,2.8803967919394063e-20
2025-07-05 09:44:00,,
2025-07-05 09:45:00,1.592227497215224e-20,6.3683262614642445e-19
2025-07-05 09:46:00,1.8750076063507943e-20,7.499338980093739e-19
2025-07-05 09:47:00,4.25977372461793e-21,1.7037530650472758e-19
2025-07-05 09:48:00,,
2025-07-05 09:49:00,4.527794757541886e-22,1.8108982454014352e-20
2025-07-05 09:50:00,1.8784395117157162e-22,7.51236937949736e-21
2025-07-05 09:51:00,1.033092582051699e-22,4.131510655106118e-21
2025-07-05 09:52:00,,
2025-07-05 09:53:00,2.3032409939772345e-22,9.211862547281343e-21
2025-07-05 09:54:00,2.5061536798779775e-22,1.0022195393567325e-20
2025-07-05 09:55:00,1.870098811151308e-22,7.479550642431745e-21
2025-07-05 09:56:00,,
2025-07-05 09:57:00,3.091690054749151e-22,1.2365529641753619e-20
2025-07-05 09:58:00,,
2025-07-05 09:59:00,,
2025-07-05 10:00:00,,
2025-07-05 10:01:00,1.2612723978522786e-21,5.0445959581104674e-20
2025-07-05 10:02:00,4.772104663367238e-23,1.9084550692699704e-21
2025-07-05 10:03:00,,
2025-07-05 10:04:00,4.0308535480384483e-22,1.6121022628666217e-20
2025-07-05 10:05:00,3.414772535862294e-22,1.3657763663935673e-20
2025-07-05 10:06:00,7.981717101278397e-22,3.192279505631132e-20
2025-07-05 10:07:00,,
2025-07-05 10:08:00,8.617066956289686e-23,3.446346181109641e-21
2025-07-05 10:09:00,3.2766672551541374e-22,1.3105233024274788e-20
2025-07-05 10:10:00,9.18006902168286e-23,3.671283594475985e-21
2025-07-05 10:11:00,,
2025-07-05 10:12:00,6.592521731644996e-23,2.6350337353784068e-21
2025-07-05 10:13:00,5.628908085889044e-23,2.2481753879129712e-21
2025-07-05 10:14:00,,
2025-07-05 10:15:00,2.5414060370949342e-22,1.0164531797228518e-20
2025-07-05 10:16:00,4.236107763720366e-22,1.6942833569381064e-20
2025-07-05 10:17:00,3.563506023022108e-22,1.4252476217659302e-20
2025-07-05 10:18:00,,
2025-07-05 10:19:00,4.11918990630084e-23,1.6469219123249412e-21
2025-07-05 10:20:00,5.894501185824213e-22,2.357488515051271e-20
2025-07-05 10:21:00,7.394941970702474e-22,2.957613826482301e-20
2025-07-05 10:22:00,,
2025-07-05 10:23:00,6.656289622297538e-23,2.6622126344276164e-21
2025-07-05 10:24:00,3.7705928580453264e-23,1.5080350605335574e-21
2025-07-05 10:25:00,3.7452375606234804e-22,1.497911520414102e-20
2025-07-05 10:26:00,,
2025-07-05 10:27:00,4.719514919698327e-23,1.8873101243735168e-21
2025-07-05 10:28:00,9.009904200092897e-22,3.6036081844262604e-20
2025-07-05 10:29:00,,
2025-07-05 10:30:00,1.0384300860169422e-22,4.15333026597009e-21
2025-07-05 10:31:00,4.415150342891885e-22,1.765866440854483e-20
2025-07-05 10:32:00,1.318041213175311e-22,5.271155403525925e-21
2025-07-05 10:33:00,,
2025-07-05 10:34:00,1.1254018003956033e-21,4.500402937878212e-20
2025-07-05 10:35:00,3.6476378533785023e-22,1.4588132268678382e-20
2025-07-05 10:36:00,9.846519936543596e-23,3.9366402166781265e-21
2025-07-05 10:37:00,,
2025-07-05 10:38:00,3.0240431607182055e-22,1.2094220860958132e-20
2025-07-05 10:39:00,1.9742354383509533e-21,7.896033297598454e-20
2025-07-05 10:40:00,1.3740748056923685e-22,5.4953396318758195e-21
2025-07-05 10:41:00,,
2025-07-05 10:42:00,1.8571828756190225e-22,7.427986493797395e-21
2025-07-05 10:43:00,4.444970677794501e-23,1.777712686112724e-21
2025-07-05 10:44:00,,
2025-07-05 10:45:00,5.697282224452061e-23,2.275662477507616e-21
2025-07-05 10:46:00,9.460609914141521e-23,3.783238899967792e-21
2025-07-05 10:47:00,5.760601557073262e-23,2.302161819589606e-21
2025-07-05 10:48:00,,
2025-07-05 10:49:00,8.064729542626553e-23,3.223969103707961e-21
2025-07-05 10:50:00,4.4572035978353455e-22,1.7826557072655242e-20
2025-07-05 10:51:00,8.0733382882178895e-22,3.2289860252426387e-20
2025-07-05 10:52:00,,
2025-07-05 10:53:00,1.2680410257167042e-22,5.071251542927573e-21
2025-07-05 10:54:00,7.208113006985933e-22,2.882916694057672e-20
2025-07-05 10:55:00,1.485228181985008e-22,5.940179412362463e-21
2025-07-05 10:56:00,,
2025-07-05 10:57:00,1.153338951620419e-22,4.61268949722026e-21
2025-07-05 10:58:00,,
2025-07-05 10:59:00,,
2025-07-05 11:00:00,,
2025-07-05 11:01:00,4.4081127989897195e-23,1.759320299455316e-21
2025-07-05 11:02:00,9.447947347839296e-23,3.777250121433862e-21
2025-07-05 11:03:00,,
2025-07-05 11:04:00,8.795234080724134e-22,3.517665886739831e-20
2025-07-05 11:05:00,8.275098589911013e-22,3.3096495751287305e-20
2025-07-05 11:06:00,5.981754159341602e-22,2.3915491542969162e-20
2025-07-05 11:07:00,,
2025-07-05 11:08:00,5.48745701253517e-23,2.1941387945433113e-21
2025-07-05 11:09:00,4.799479836167002e-23,1.9194782300333357e-21
2025-07-05 11:10:00,6.701086169460492e-23,2.6786252750422255e-21
2025-07-05 11:11:00,,
2025-07-05 11:12:00,6.477853429546904e-23,2.5893197534903095e-21
2025-07-05 11:13:00,2.8189198129685303e-22,1.127454985554403e-20
2025-07-05 11:14:00,,
2025-07-05 11:15:00,4.386728111739573e-23,1.752798129840799e-21
2025-07-05 11:16:00,7.697757163037544e-23,3.0786752346505755e-21
2025-07-05 11:17:00,2.5102273628534896e-22,1.0038463745834895e-20
2025-07-05 11:18:00,,
2025-07-05 11:19:00,1.3062478087810463e-21,5.2243770386387045e-20
2025-07-05 11:20:00,7.037241293578946e-23,2.8136057937375805e-21
2025-07-05 11:21:00,2.163518763626918e-22,8.649929995583857e-21
2025-07-05 11:22:00,,
2025-07-05 11:23:00,4.1727851890822836e-22,1.6686398917522715e-20
2025-07-05 11:24:00,1.772489922335246e-22,7.08919477855626e-21
2025-07-05 11:25:00,1.1699350061968499e-22,4.678013072028004e-21
2025-07-05 11:26:00,,
2025-07-05 11:27:00,4.320677448403511e-22,1.7280228401383137e-20
2025-07-05 11:28:00,2.629614392663812e-22,1.0516012995590278e-20
2025-07-05 11:29:00,,
2025-07-05 11:30:00,1.0453027182375723e-22,4.1807400910385496e-21
2025-07-05 11:31:00,4.039725375499516e-23,1.615504310653836e-21
2025-07-05 11:32:00,6.353178483354237e-22,2.5409976022816356e-20
2025-07-05 11:33:00,,
2025-07-05 11:34:00,2.540339298051308e-22,1.0160379669054366e-20
2025-07-05 11:35:00,4.663822235591053e-22,1.8653007208554977e-20
2025-07-05 11:36:00,4.886502517581324e-23,1.953620391896149e-21
2025-07-05 11:37:00,,
2025-07-05 11:38:00,4.747168060064843e-23,1.8979624369589253e-21
2025-07-05 11:39:00,6.775725326248424e-23,2.706985742423866e-21
2025-07-05 11:40:00,4.430052203466544e-21,1.7718569874618103e-19
2025-07-05 11:41:00,,
2025-07-05 11:42:00,1.9460696469269564e-22,7.777584699169754e-21
2025-07-05 11:43:00,1.0983441230428142e-22,4.39296793467432e-21
2025-07-05 11:44:00,,
2025-07-05 11:45:00,2.91030443617874e-22,1.1639773892906793e-20
2025-07-05 11:46:00,6.04840291936827e-23,2.4190934567676286e-21
2025-07-05 11:47:00,6.634390519838663e-21,2.6535050412077806e-19
2025-07-05 11:48:00,,
2025-07-05 11:49:00,5.574482980004133e-23,2.2295110865696553e-21
2025-07-05 11:50:00,6.3331661190228815e-22,2.5328818683793117e-20
2025-07-05 11:51:00,5.368467493022341e-23,2.1471161332959474e-21
2025-07-05 11:52:00,,
2025-07-05 11:53:00,2.1498487822719327e-22,8.597048109584973e-21
2025-07-05 11:54:00,1.0150961751475354e-22,4.058909634888797e-21
2025-07-05 11:55:00,3.1309410107416977e-22,1.2520763843886694e-20
2025-07-05 11:56:00,,
2025-07-05 11:57:00,7.609048605681943e-23,3.042288869864023e-21
2025-07-05 11:58:00,,
2025-07-05 11:59:00,,
2025-07-05 12:00:00,,
2025-07-05 12:01:00,5.864842477779521e-22,2.345708270470556e-20
2025-07-05 12:02:00,6.958308734887857e-23,2.7825314472398483e-21
2025-07-05 12:03:00,,
2025-07-05 12:04:00,3.241319539643303e-22,1.296144871649805e-20
2025-07-05 12:05:00,3.8478597333267136e-23,1.538766170047792e-21
2025-07-05 12:06:00,1.2711756034233296e-22,5.083955124237985e-21
2025-07-05 12:07:00,,
2025-07-05 12:08:00,8.714631241010542e-23,3.4851754789428306e-21
2025-07-05 12:09:00,2.9465335288229877e-22,1.178457355425126e-20
2025-07-05 12:10:00,3.6543328867659375e-23,1.4613490947372417e-21
2025-07-05 12:11:00,,
2025-07-05 12:12:00,1.3271814572627445e-22,5.307338748668879e-21
2025-07-05 12:13:00,2.4527019515526217e-22,9.804793202395651e-21
2025-07-05 12:14:00,,
2025-07-05 12:15:00,4.979352477264215e-23,1.9897918135527523e-21
2025-07-05 12:16:00,3.9308881032770536e-23,1.571826228304538e-21
2025-07-05 12:17:00,7.947740435005818e-23,3.1762419727318373e-21
2025-07-05 12:18:00,,
2025-07-05 12:19:00,3.7348916799019653e-22,1.4934376241125583e-20
2025-07-05 12:20:00,5.5219841769066e-22,2.2083546531293008e-20
2025-07-05 12:21:00,7.870833938511509e-23,3.145809407377487e-21
2025-07-05 12:22:00,,
2025-07-05 12:23:00,5.657560501399537e-23,2.261932914670901e-21
2025-07-05 12:24:00,3.1996019344729253e-22,1.2797043277198443e-20
2025-07-05 12:25:00,8.079387533242043e-23,3.228267164067646e-21
2025-07-05 12:26:00,,
2025-07-05 12:27:00,3.9134737681062964e-23,1.563090392304642e-21
2025-07-05 12:28:00,4.245530587279976e-23,1.698009648961166e-21
2025-07-05 12:29:00,,
2025-07-05 12:30:00,5.0512152138277375e-23,2.019806475259457e-21
2025-07-05 12:31:00,6.277379567413597e-23,2.5102519819910762e-21
2025-07-05 12:32:00,4.100077069768546e-23,1.6388570062511053e-21
2025-07-05 12:33:00,,
2025-07-05 12:34:00,3.977185731918854e-23,1.590686795593792e-21
2025-07-05 12:35:00,3.763105680545627e-23,1.503720103430467e-21
2025-07-05 12:36:00,5.64239164981238e-23,2.255226529085755e-21
2025-07-05 12:37:00,,
2025-07-05 12:38:00,5.864331417342097e-22,2.3454972327678985e-20
2025-07-05 12:39:00,1.2989794996574629e-22,5.191019159280545e-21
2025-07-05 12:40:00,2.5504975234336583e-22,1.0199413092845817e-20
2025-07-05 12:41:00,,
2025-07-05 12:42:00,9.171193410417426e-23,3.665898776184367e-21
2025-07-05 12:43:00,1.415021110901655e-22,5.65880735067154e-21
2025-07-05 12:44:00,,
2025-07-05 12:45:00,8.595741893455921e-23,3.437397414254582e-21
2025-07-05 12:46:00,5.678618040476655e-23,2.2706011964687026e-21
2025-07-05 12:47:00,1.471175714507512e-22,5.88172869869152e-21
2025-07-05 12:48:00,,
2025-07-05 12:49:00,9.714788468405136e-23,3.885546318970851e-21
2025-07-05 12:50:00,5.2223015918804696e-23,2.0860261244873548e-21
2025-07-05 12:51:00,4.842521241067883e-22,1.936687113717948e-20
2025-07-05 12:52:00,,
2025-07-05 12:53:00,2.550109153959734e-22,1.0199398614260695e-20
2025-07-05 12:54:00,4.032800390487213e-22,1.6129444628667312e-20
2025-07-05 12:55:00,3.2495148421471267e-23,1.299583577675301e-21
2025-07-05 12:56:00,,
2025-07-05 12:57:00,3.2177050732594566e-23,1.2859753913818571e-21
2025-07-05 12:58:00,,
2025-07-05 12:59:00,,
2025-07-05 13:00:00,,
2025-07-05 13:01:00,1.5801392894007932e-22,6.318229153751815e-21
2025-07-05 13:02:00,1.5982125899438021e-22,6.391945228469967e-21
2025-07-05 13:03:00,,
2025-07-05 13:04:00,3.598762237848073e-22,1.4393443613678758e-20
2025-07-05 13:05:00,5.668793731361559e-22,2.2672881450150522e-20
2025-07-05 13:06:00,1.2512730498518442e-22,5.0045686173149864e-21
2025-07-05 13:07:00,,
2025-07-05 13:08:00,1.0445211516043666e-22,4.177691679631984e-21
2025-07-05 13:09:00,7.126768880966548e-23,2.850318222605353e-21
2025-07-05 13:10:00,4.9446239690813975e-23,1.9771436325014277e-21
2025-07-05 13:11:00,,
2025-07-05 13:12:00,2.191190508664017e-22,8.76208176136557e-21
2025-07-05 13:13:00,3.032911205916576e-23,1.2129778238381787e-21
2025-07-05 13:14:00,,
2025-07-05 13:15:00,2.310058612998351e-22,9.239310068028344e-21
2025-07-05 13:16:00,1.1466167135417419e-22,4.585628123124888e-21
2025-07-05 13:17:00,3.871737383075135e-23,1.5447368920493745e-21
2025-07-05 13:18:00,,
2025-07-05 13:19:00,2.726905960781094e-23,1.0901209021607906e-21
2025-07-05 13:20:00,2.3939296642330376e-23,9.574549820084138e-22
2025-07-05 13:21:00,4.2713167161017193e-23,1.707767950978316e-21
2025-07-05 13:22:00,,
2025-07-05 13:23:00,3.90171738319212e-23,1.5602108167863947e-21
2025-07-05 13:24:00,2.738625327285788e-23,1.0952931236871678e-21
2025-07-05 13:25:00,2.1215677743860335e-22,8.484822664992707e-21
2025-07-05 13:26:00,,
2025-07-05 13:27:00,3.8366147606317575e-23,1.5341065684302591e-21
2025-07-05 13:28:00,2.2981546213825973e-23,9.18997643659038e-22
2025-07-05 13:29:00,,
2025-07-05 13:30:00,2.75500433987828e-23,1.1012476631148317e-21
2025-07-05 13:31:00,1.6286006462089705e-22,6.513011425668454e-21
2025-07-05 13:32:00,7.531903557853263e-23,3.0109542693796463e-21
2025-07-05 13:33:00,,
2025-07-05 13:34:00,9.145867114530344e-23,3.651581459632699e-21
2025-07-05 13:35:00,4.8351674529505967e-23,1.9324979953689492e-21
2025-07-05 13:36:00,4.2644323508025685e-23,1.704750833614342e-21
2025-07-05 13:37:00,,
2025-07-05 13:38:00,3.8415281657638896e-23,1.5361819121622916e-21
2025-07-05 13:39:00,2.2665644620501557e-23,9.064020264403959e-22
2025-07-05 13:40:00,2.2489166845197227e-23,8.993828659194835e-22
2025-07-05 13:41:00,,
2025-07-05 13:42:00,4.35525316447468e-23,1.7414253655250682e-21
2025-07-05 13:43:00,4.5400289477752694e-23,1.8149253289968955e-21
2025-07-05 13:44:00,,
2025-07-05 13:45:00,2.6216435013339932e-23,1.0475438158184057e-21
2025-07-05 13:46:00,2.218073225053149e-23,8.868360649206642e-22
2025-07-05 13:47:00,4.577417926024439e-23,1.830340923004686e-21
2025-07-05 13:48:00,,
2025-07-05 13:49:00,3.956272591530739e-23,1.5823180196024975e-21
2025-07-05 13:50:00,2.7208041263201915e-23,1.0878988824428582e-21
2025-07-05 13:51:00,3.3041123490274176e-23,1.3212752986743557e-21
2025-07-05 13:52:00,,
2025-07-05 13:53:00,4.638096632489926e-23,1.83979622630542e-21
2025-07-05 13:54:00,3.581717765681653e-23,1.4320706220588824e-21
2025-07-05 13:55:00,4.2125116938427945e-23,1.6846985032578485e-21
2025-07-05 13:56:00,,
2025-07-05 13:57:00,3.7592741728056934e-22,1.5034688008992085e-20
2025-07-05 13:58:00,,
2025-07-05 13:59:00,,
2025-07-05 14:00:00,,
2025-07-05 14:01:00,3.587911310677601e-23,1.43393850316381e-21
2025-07-05 14:02:00,2.3459627225100154e-22,9.382414542639047e-21
2025-07-05 14:03:00,,
2025-07-05 14:04:00,2.729768811035662e-23,1.0916319394890773e-21
2025-07-05 14:05:00,3.365906467766558e-23,1.3451671939981661e-21
2025-07-05 14:06:00,5.364960784973162e-23,2.1457760783353975e-21
2025-07-05 14:07:00,,
2025-07-05 14:08:00,3.3970607413771723e-23,1.35741361906535e-21
2025-07-05 14:09:00,1.5428670054457177e-22,6.1705188000146475e-21
2025-07-05 14:10:00,5.836464950402937e-23,2.3342920514354286e-21
2025-07-05 14:11:00,,
2025-07-05 14:12:00,1.1454680528060387e-22,4.581414739560697e-21
2025-07-05 14:13:00,2.855829677740169e-22,1.1421796366221069e-20
2025-07-05 14:14:00,,
2025-07-05 14:15:00,5.359131514594008e-23,2.1433869581850084e-21
2025-07-05 14:16:00,4.0067662922776287e-23,1.6022679572941303e-21
2025-07-05 14:17:00,3.316662790765496e-23,1.3264574658307746e-21
2025-07-05 14:18:00,,
2025-07-05 14:19:00,2.7375049791493544e-23,1.0946924806072998e-21
2025-07-05 14:20:00,3.8753178182032014e-22,1.5499780165552418e-20
2025-07-05 14:21:00,4.399782162231521e-23,1.759737939642412e-21
2025-07-05 14:22:00,,
2025-07-05 14:23:00,1.740868529582519e-22,6.962240862712584e-21
2025-07-05 14:24:00,1.0360579981839057e-22,4.143513756343363e-21
2025-07-05 14:25:00,4.103987452353704e-23,1.6412052501330642e-21
2025-07-05 14:26:00,,
2025-07-05 14:27:00,5.504491054917199e-23,2.201169689489538e-21
2025-07-05 14:28:00,3.205485873169446e-23,1.2814248187505642e-21
2025-07-05 14:29:00,,
2025-07-05 14:30:00,3.3001379137161726e-23,1.3191621667035114e-21
2025-07-05 14:31:00,2.415722508621924e-23,9.653647844929439e-22
2025-07-05 14:32:00,2.5687473361663574e-23,1.0273591576779947e-21
2025-07-05 14:33:00,,
2025-07-05 14:34:00,2.7615446238872647e-23,1.1043807680100952e-21
2025-07-05 14:35:00,2.536527765325244e-23,1.0143527644707121e-21
2025-07-05 14:36:00,4.0801762393751904e-23,1.6303673712989095e-21
2025-07-05 14:37:00,,
2025-07-05 14:38:00,6.339399405753172e-23,2.533255673172766e-21
2025-07-05 14:39:00,8.365532423311441e-23,3.34585611781739e-21
2025-07-05 14:40:00,1.0118497682296057e-22,4.043486685992628e-21
2025-07-05 14:41:00,,
2025-07-05 14:42:00,8.822456052582489e-23,3.525746747182367e-21
2025-07-05 14:43:00,8.02644519114442e-23,3.2101480070773414e-21
2025-07-05 14:44:00,,
2025-07-05 14:45:00,2.846930645593408e-23,1.138660145248428e-21
2025-07-05 14:46:00,3.335065687822244e-23,1.3336070430702789e-21
2025-07-05 14:47:00,2.5369955171791184e-23,1.0138238592138699e-21
2025-07-05 14:48:00,,
2025-07-05 14:49:00,3.0547169300016454e-23,1.2204617082323069e-21
2025-07-05 14:50:00,3.375035516049068e-23,1.3498408549991625e-21
2025-07-05 14:51:00,3.1671884846941934e-23,1.2666029902144176e-21
2025-07-05 14:52:00,,
2025-07-05 14:53:00,5.2586926068881357e-23,2.102438301013711e-21
2025-07-05 14:54:00,6.792471455635257e-23,2.7161922680708922e-21
2025-07-05 14:55:00,1.4332454122850982e-22,5.732213236595624e-21
2025-07-05 14:56:00,,
2025-07-05 14:57:00,3.385167608904961e-23,1.3529072006574725e-21
2025-07-05 14:58:00,,
2025-07-05 14:59:00,,
2025-07-05 15:00:00,,
2025-07-05 15:01:00,2.059424964125394e-23,8.232292994377727e-22
2025-07-05 15:02:00,2.3310752871894628e-23,9.323122574039225e-22
2025-07-05 15:03:00,,
2025-07-05 15:04:00,2.6525147217190736e-23,1.0608051337330111e-21
2025-07-05 15:05:00,2.506901728426959e-22,1.002461978400038e-20
2025-07-05 15:06:00,5.711713611398082e-23,2.2837819210113486e-21
2025-07-05 15:07:00,,
2025-07-05 15:08:00,2.318155599597862e-23,9.270845026663815e-22
2025-07-05 15:09:00,3.877488018965629e-23,1.5499014762225328e-21
2025-07-05 15:10:00,5.380785818060668e-23,2.15163341097733e-21
2025-07-05 15:11:00,,
2025-07-05 15:12:00,4.997604596624415e-23,1.9987944332297136e-21
2025-07-05 15:13:00,2.7842593551032147e-23,1.1134759177340907e-21
2025-07-05 15:14:00,,
2025-07-05 15:15:00,2.1865421489110345e-23,8.741529752095967e-22
2025-07-05 15:16:00,2.2884457692764452e-23,9.151526424701309e-22
2025-07-05 15:17:00,2.3129933791038611e-23,9.246329772959367e-22
2025-07-05 15:18:00,,
2025-07-05 15:19:00,2.1274830927620187e-23,8.50842014830602e-22
2025-07-05 15:20:00,2.2054415778045055e-23,8.820624405829385e-22
2025-07-05 15:21:00,2.0926150166300244e-23,8.36796630503619e-22
2025-07-05 15:22:00,,
2025-07-05 15:23:00,2.0379236036742003e-23,8.146757214857502e-22
2025-07-05 15:24:00,2.2909461451281612e-23,9.161115635345257e-22
2025-07-05 15:25:00,2.0895589525099775e-23,8.355406067366649e-22
2025-07-05 15:26:00,,
2025-07-05 15:27:00,2.3571840039711352e-23,9.427308112838455e-22
2025-07-05 15:28:00,5.29416664688598e-23,2.1173322784468734e-21
2025-07-05 15:29:00,,
2025-07-05 15:30:00,3.999389102205937e-23,1.5988981972423965e-21
2025-07-05 15:31:00,2.3207395426679856e-23,9.281930045788895e-22
2025-07-05 15:32:00,3.9300146868347445e-23,1.5718004612346484e-21
2025-07-05 15:33:00,,
2025-07-05 15:34:00,3.5558504386430826e-23,1.421464155249318e-21
2025-07-05 15:35:00,2.1056582900667015e-23,8.419033838897284e-22
2025-07-05 15:36:00,2.0992674417707298e-23,8.39317233653269e-22
2025-07-05 15:37:00,,
2025-07-05 15:38:00,2.5733737009191898e-23,1.0292245595041423e-21
2025-07-05 15:39:00,2.289282720357543e-23,9.154942919576703e-22
2025-07-05 15:40:00,2.3124150569378453e-23,9.247878719303108e-22
2025-07-05 15:41:00,,
2025-07-05 15:42:00,2.8438118717260114e-23,1.137058771260452e-21
2025-07-05 15:43:00,3.2378017861367544e-23,1.2932877831463794e-21
2025-07-05 15:44:00,,
2025-07-05 15:45:00,7.337251555475007e-23,2.9341914210389965e-21
2025-07-05 15:46:00,4.380966605859747e-22,1.752169357474366e-20
2025-07-05 15:47:00,4.7094660353576876e-23,1.8813034607765168e-21
2025-07-05 15:48:00,,
2025-07-05 15:49:00,8.218450073825444e-23,3.2856942268864428e-21
2025-07-05 15:50:00,8.259981455024509e-23,3.301709656843222e-21
2025-07-05 15:51:00,8.996601208367527e-23,3.59792369665322e-21
2025-07-05 15:52:00,,
2025-07-05 15:53:00,5.020235558840243e-23,2.0076743337312336e-21
2025-07-05 15:54:00,4.0183333123645505e-23,1.6067876181851862e-21
2025-07-05 15:55:00,2.4195738647619338e-23,9.676241934313155e-22
2025-07-05 15:56:00,,
2025-07-05 15:57:00,2.8355497117709103e-23,1.1332936486026032e-21
2025-07-05 15:58:00,,
2025-07-05 15:59:00,,
2025-07-05 16:00:00,,
2025-07-05 16:01:00,4.7422596655045624e-23,1.896702610998979e-21
2025-07-05 16:02:00,2.9924538369996786e-23,1.1966595851569632e-21
2025-07-05 16:03:00,,
2025-07-05 16:04:00,2.385442510154924e-23,9.540892904134391e-22
2025-07-05 16:05:00,3.454774233517926e-23,1.3812940823234052e-21
2025-07-05 16:06:00,2.4764922096714423e-23,9.895331235722614e-22
2025-07-05 16:07:00,,
2025-07-05 16:08:00,1.0961322434745193e-21,4.3835420340102737e-20
2025-07-05 16:09:00,3.360839128374807e-23,1.3437979530717036e-21
2025-07-05 16:10:00,2.5776605381348062e-23,1.0289082883412774e-21
2025-07-05 16:11:00,,
2025-07-05 16:12:00,3.806363578152312e-23,1.5216441467975104e-21
2025-07-05 16:13:00,2.226943264970771e-23,8.906947033500988e-22
2025-07-05 16:14:00,,
2025-07-05 16:15:00,2.5494039986458407e-22,1.0196439927292651e-20
2025-07-05 16:16:00,3.2378104754681275e-23,1.2949661060572034e-21
2025-07-05 16:17:00,2.2472633247686254e-23,8.987145298585676e-22
2025-07-05 16:18:00,,
2025-07-05 16:19:00,2.4515317439585075e-23,9.803618147046237e-22
2025-07-05 16:20:00,9.218763198901595e-23,3.686393017696561e-21
2025-07-05 16:21:00,1.7654669142172063e-22,7.060898364748757e-21
2025-07-05 16:22:00,,
2025-07-05 16:23:00,3.547201287702333e-23,1.4174583706017324e-21
2025-07-05 16:24:00,6.071962871647631e-23,2.427602896509028e-21
2025-07-05 16:25:00,2.337671057862401e-23,9.348830862312811e-22
2025-07-05 16:26:00,,
2025-07-05 16:27:00,2.369288075673681e-23,9.475303758449867e-22
2025-07-05 16:28:00,2.0604119828763838e-23,8.239846403181527e-22
2025-07-05 16:29:00,,
2025-07-05 16:30:00,2.083168845872413e-23,8.331643478461023e-22
2025-07-05 16:31:00,2.19355306343432e-23,8.77308230946741e-22
2025-07-05 16:32:00,3.811494938809156e-23,1.523594869808138e-21
2025-07-05 16:33:00,,
2025-07-05 16:34:00,2.0577034801761544e-23,8.2215242440927545e-22
2025-07-05 16:35:00,3.2788804283569384e-23,1.311158700346659e-21
2025-07-05 16:36:00,1.5995044265806913e-22,6.396900771165993e-21
2025-07-05 16:37:00,,
2025-07-05 16:38:00,4.821100421469631e-23,1.9281702679126124e-21
2025-07-05 16:39:00,1.8738864640917725e-23,7.494762983023121e-22
2025-07-05 16:40:00,2.181987253544648e-23,8.727013257409263e-22
2025-07-05 16:41:00,,
2025-07-05 16:42:00,2.77467578835208e-23,1.109665763216914e-21
2025-07-05 16:43:00,2.009678107355714e-23,8.037610607285287e-22
2025-07-05 16:44:00,,
2025-07-05 16:45:00,2.9062134972861056e-23,1.162004274964486e-21
2025-07-05 16:46:00,6.347521836244835e-23,2.5380335754950505e-21
2025-07-05 16:47:00,2.417044179050287e-23,9.66380323453053e-22
2025-07-05 16:48:00,,
2025-07-05 16:49:00,2.2668334180785648e-23,9.065158271721967e-22
2025-07-05 16:50:00,3.748256610619865e-23,1.4991380256243904e-21
2025-07-05 16:51:00,4.0307130802583126e-23,1.6112836278798673e-21
2025-07-05 16:52:00,,
2025-07-05 16:53:00,3.748724499014006e-22,1.499337596983197e-20
2025-07-05 16:54:00,1.772719159599542e-22,7.090143877183158e-21
2025-07-05 16:55:00,2.3361557596865196e-23,9.340573969019886e-22
2025-07-05 16:56:00,,
2025-07-05 16:57:00,2.044488898794326e-22,8.177096238006404e-21
2025-07-05 16:58:00,,
2025-07-05 16:59:00,,
2025-07-05 17:00:00,,
2025-07-05 17:01:00,1.8603049328245285e-23,7.438954002853029e-22
2025-07-05 17:02:00,2.2565615358203915e-23,9.02126183148477e-22
2025-07-05 17:03:00,,
2025-07-05 17:04:00,1.77983863617703e-23,7.115839990635635e-22
2025-07-05 17:05:00,6.534005953494224e-22,2.6133389879229463e-20
2025-07-05 17:06:00,3.5805413130343833e-22,1.4320689588196192e-20
2025-07-05 17:07:00,,
2025-07-05 17:08:00,1.9294774475663203e-23,7.712596022890678e-22
2025-07-05 17:09:00,4.933771869175194e-23,1.9730085742024533e-21
2025-07-05 17:10:00,2.698602404608179e-23,1.0792879532613092e-21
2025-07-05 17:11:00,,
2025-07-05 17:12:00,4.3494976118887517e-23,1.739199479729864e-21
2025-07-05 17:13:00,6.526524315292593e-23,2.6077608833940265e-21
2025-07-05 17:14:00,,
2025-07-05 17:15:00,7.25363335910791e-23,2.9004346459669906e-21
2025-07-05 17:16:00,4.764085723260604e-23,1.90544475117604e-21
2025-07-05 17:17:00,3.382994787467421e-23,1.3530397799324924e-21
2025-07-05 17:18:00,,
2025-07-05 17:19:00,2.707211087122694e-23,1.0826873994966371e-21
2025-07-05 17:20:00,2.145589799129084e-23,8.577207638630406e-22
2025-07-05 17:21:00,2.1535345599783875e-23,8.611627119690712e-22
2025-07-05 17:22:00,,
2025-07-05 17:23:00,1.932709771812565e-23,7.727199392857554e-22
2025-07-05 17:24:00,2.312765684859521e-23,9.245322123566682e-22
2025-07-05 17:25:00,2.2921063788372592e-23,9.164947707234707e-22
2025-07-05 17:26:00,,
2025-07-05 17:27:00,2.1607658827428066e-23,8.639064103537002e-22
2025-07-05 17:28:00,2.1385459381821258e-23,8.55252764551773e-22
2025-07-05 17:29:00,,
2025-07-05 17:30:00,2.1277607377880048e-23,8.508708619190517e-22
2025-07-05 17:31:00,2.4421394866029253e-23,9.7653881701196e-22
2025-07-05 17:32:00,1.972495307272476e-23,7.886676364803116e-22
2025-07-05 17:33:00,,
2025-07-05 17:34:00,2.6350916300972365e-23,1.053918784003834e-21
2025-07-05 17:35:00,2.1809144604743406e-23,8.72133328773599e-22
2025-07-05 17:36:00,2.2234145094832095e-23,8.889950039863584e-22
2025-07-05 17:37:00,,
2025-07-05 17:38:00,1.8992392440010228e-23,7.59502433373771e-22
2025-07-05 17:39:00,2.1752769493228118e-23,8.69933451610278e-22
2025-07-05 17:40:00,1.7338856372514423e-23,6.93486430630886e-22
2025-07-05 17:41:00,,
2025-07-05 17:42:00,2.038979029590925e-23,8.1528054406792915e-22
2025-07-05 17:43:00,5.958980396240868e-23,2.3829419532803972e-21
2025-07-05 17:44:00,,
2025-07-05 17:45:00,2.161100938199532e-23,8.638769971180271e-22
2025-07-05 17:46:00,2.4578303967515588e-23,9.828150590227799e-22
2025-07-05 17:47:00,1.8932763430898503e-23,7.571397988551908e-22
2025-07-05 17:48:00,,
2025-07-05 17:49:00,1.1457071150320506e-22,4.581798717414004e-21
2025-07-05 17:50:00,1.8756650895020057e-23,7.499652974124184e-22
2025-07-05 17:51:00,2.5309190447408177e-23,1.012130545383504e-21
2025-07-05 17:52:00,,
2025-07-05 17:53:00,2.678770748248961e-23,1.07136892989531e-21
2025-07-05 17:54:00,1.739398642191531e-23,6.955925910605069e-22
2025-07-05 17:55:00,1.9147780605006045e-23,7.657416976826239e-22
2025-07-05 17:56:00,,
2025-07-05 17:57:00,1.824612923105504e-23,7.296319209569864e-22
2025-07-05 17:58:00,,
2025-07-05 17:59:00,,
2025-07-05 18:00:00,,
2025-07-05 18:01:00,3.3282756921219735e-23,1.3311143546176122e-21
2025-07-05 18:02:00,3.1155376604251097e-22,1.2460748699029533e-20
2025-07-05 18:03:00,,
2025-07-05 18:04:00,4.550509892082114e-23,1.819791492310686e-21
2025-07-05 18:05:00,2.0980992794873346e-23,8.391227233940133e-22
2025-07-05 18:06:00,2.0803534126788822e-23,8.315094184012214e-22
2025-07-05 18:07:00,,
2025-07-05 18:08:00,4.020204290690035e-23,1.6074805791297993e-21
2025-07-05 18:09:00,1.5451208884195764e-23,6.179828401023793e-22
2025-07-05 18:10:00,1.723896234690524e-23,6.894477410948544e-22
2025-07-05 18:11:00,,
2025-07-05 18:12:00,1.637980223313031e-23,6.551136988445788e-22
2025-07-05 18:13:00,1.815698326530928e-23,7.262022791363251e-22
2025-07-05 18:14:00,,
2025-07-05 18:15:00,1.7568668830138989e-23,7.025597233165058e-22
2025-07-05 18:16:00,1.9959469144189952e-23,7.98275337142255e-22
2025-07-05 18:17:00,2.0866425874190077e-23,8.345220377220618e-22
2025-07-05 18:18:00,,
2025-07-05 18:19:00,5.2382004274694615e-23,2.0950502503660825e-21
2025-07-05 18:20:00,3.92414812041641e-23,1.5691170373532534e-21
2025-07-05 18:21:00,4.4686342208346767e-23,1.787151501659068e-21
2025-07-05 18:22:00,,
2025-07-05 18:23:00,8.616114321899048e-23,3.446010291967304e-21
2025-07-05 18:24:00,7.164964815009597e-23,2.865641672907388e-21
2025-07-05 18:25:00,6.16852383237924e-23,2.4670301529790635e-21
2025-07-05 18:26:00,,
2025-07-05 18:27:00,1.2304530828192606e-22,4.921302461849073e-21
2025-07-05 18:28:00,9.486302404567627e-23,3.793324497147054e-21
2025-07-05 18:29:00,,
2025-07-05 18:30:00,1.1326363981395721e-21,4.529622926925676e-20
2025-07-05 18:31:00,1.1149106243390067e-22,4.459059893362067e-21
2025-07-05 18:32:00,2.154230062524044e-22,8.616113892171968e-21
2025-07-05 18:33:00,,
2025-07-05 18:34:00,3.549360699135216e-22,1.4195992969581213e-20
2025-07-05 18:35:00,1.31479084815802e-22,5.258225951504383e-21
2025-07-05 18:36:00,9.510408723215472e-23,3.803433225727394e-21
2025-07-05 18:37:00,,
2025-07-05 18:38:00,8.41494742111368e-23,3.3656287844521963e-21
2025-07-05 18:39:00,1.6224559759538074e-22,6.489117546038621e-21
2025-07-05 18:40:00,2.29118179210485e-22,9.163827265426537e-21
2025-07-05 18:41:00,,
2025-07-05 18:42:00,2.513138708307069e-22,1.0051468978694129e-20
2025-07-05 18:43:00,5.189645493426306e-22,2.075666715454642e-20
2025-07-05 18:44:00,,
2025-07-05 18:45:00,8.477839409121442e-22,3.390825208858929e-20
2025-07-05 18:46:00,7.210542872977798e-22,2.883950857443608e-20
2025-07-05 18:47:00,9.073652192118733e-22,3.6290373825780783e-20
2025-07-05 18:48:00,,
2025-07-05 18:49:00,5.115229926298878e-22,2.0458958717328142e-20
2025-07-05 18:50:00,3.127052581732424e-22,1.2506144430793026e-20
2025-07-05 18:51:00,3.7667462066148356e-22,1.5065343714234827e-20
2025-07-05 18:52:00,,
2025-07-05 18:53:00,3.5847088863610604e-22,1.4336936892297038e-20
2025-07-05 18:54:00,4.573808465792048e-22,1.8293080057924178e-20
2025-07-05 18:55:00,4.239470587402379e-22,1.6956253813034763e-20
2025-07-05 18:56:00,,
2025-07-05 18:57:00,2.0770236101392109e-22,8.307250025566544e-21
2025-07-05 18:58:00,,
2025-07-05 18:59:00,,
2025-07-05 19:00:00,,
2025-07-05 19:01:00,1.2876414368716495e-22,5.1499654663604744e-21
2025-07-05 19:02:00,4.0259534693228676e-23,1.6098531996744173e-21
2025-07-05 19:03:00,,
2025-07-05 19:04:00,1.3574343449965555e-22,5.4290813749207485e-21
2025-07-05 19:05:00,3.4695170981106003e-22,1.3876732695590526e-20
2025-07-05 19:06:00,1.866516062495993e-22,7.465328974167416e-21
2025-07-05 19:07:00,,
2025-07-05 19:08:00,2.8180664767227145e-22,1.1271219813716461e-20
2025-07-05 19:09:00,1.8223233031242153e-22,7.288615691402486e-21
2025-07-05 19:10:00,2.7222934921287487e-22,1.0888105325195413e-20
2025-07-05 19:11:00,,
2025-07-05 19:12:00,1.865217313496822e-22,7.460013089469375e-21
2025-07-05 19:13:00,1.7890359807008932e-22,7.15543114598601e-21
2025-07-05 19:14:00,,
2025-07-05 19:15:00,9.869768748928536e-23,3.947283947467073e-21
2025-07-05 19:16:00,3.6311179997417865e-22,1.4523068426096007e-20
2025-07-05 19:17:00,5.953026354928268e-22,2.3809864645009993e-20
2025-07-05 19:18:00,,
2025-07-05 19:19:00,2.58068355717421e-22,1.0321682070312585e-20
2025-07-05 19:20:00,1.2716065009699718e-22,5.085933708484217e-21
2025-07-05 19:21:00,1.3810928554870998e-22,5.523529969547146e-21
2025-07-05 19:22:00,,
2025-07-05 19:23:00,1.0322224360800811e-22,4.128463797994758e-21
2025-07-05 19:24:00,1.2466770806038096e-22,4.986135629012013e-21
2025-07-05 19:25:00,2.5684299196064417e-22,1.0272761451528987e-20
2025-07-05 19:26:00,,
2025-07-05 19:27:00,8.384411113249607e-23,3.3533621206603758e-21
2025-07-05 19:28:00,1.134381259140884e-22,4.536816905973192e-21
2025-07-05 19:29:00,,
2025-07-05 19:30:00,2.8958351076710075e-22,1.1581787665668351e-20
2025-07-05 19:31:00,7.538838210362624e-23,3.015076295899683e-21
2025-07-05 19:32:00,1.6066617092102424e-22,6.426025804089434e-21
2025-07-05 19:33:00,,
2025-07-05 19:34:00,1.146480470180001e-22,4.585495407938729e-21
2025-07-05 19:35:00,1.4171429529260273e-22,5.6673744728734665e-21
2025-07-05 19:36:00,1.3192221484699995e-22,5.276140464649262e-21
2025-07-05 19:37:00,,
2025-07-05 19:38:00,9.611558990691988e-23,3.844265712565951e-21
2025-07-05 19:39:00,5.0036621911776475e-23,2.0011822537723728e-21
2025-07-05 19:40:00,3.1253537312553556e-23,1.2498218970511718e-21
2025-07-05 19:41:00,,
2025-07-05 19:42:00,2.614779326392449e-23,1.0457588772303983e-21
2025-07-05 19:43:00,4.3648507713223683e-23,1.7457232626848885e-21
2025-07-05 19:44:00,,
2025-07-05 19:45:00,4.7065372254044626e-23,1.882439483770906e-21
2025-07-05 19:46:00,4.2742508112890423e-23,1.709514292160593e-21
2025-07-05 19:47:00,4.402652752001754e-23,1.7608839415470423e-21
2025-07-05 19:48:00,,
2025-07-05 19:49:00,2.844019387440721e-22,1.1374941998508221e-20
2025-07-05 19:50:00,4.1397800428941585e-23,1.6553835984273083e-21
2025-07-05 19:51:00,3.046783741488719e-23,1.2184277615802895e-21
2025-07-05 19:52:00,,
2025-07-05 19:53:00,2.6351978903839678e-23,1.0538430402695206e-21
2025-07-05 19:54:00,2.2059212140693415e-23,8.821067574160593e-22
2025-07-05 19:55:00,2.2667902225291166e-23,9.0657925462592e-22
2025-07-05 19:56:00,,
2025-07-05 19:57:00,2.1075207535607363e-23,8.429251930188204e-22
2025-07-05 19:58:00,,
2025-07-05 19:59:00,,
2025-07-05 20:00:00,,
2025-07-05 20:01:00,1.8784004649230956e-23,7.50888587539503e-22
2025-07-05 20:02:00,1.82372979937742e-23,7.293963131841001e-22
2025-07-05 20:03:00,,
2025-07-05 20:04:00,1.7595871873397847e-23,7.036453607460506e-22
2025-07-05 20:05:00,2.101979355446229e-23,8.406124297403174e-22
2025-07-05 20:06:00,1.9773548561102865e-23,7.907214310630288e-22
2025-07-05 20:07:00,,
2025-07-05 20:08:00,1.9188559591604457e-23,7.674385475714169e-22
2025-07-05 20:09:00,2.2728157974242932e-23,9.087677043458454e-22
2025-07-05 20:10:00,2.334525065027197e-23,9.334684555167383e-22
2025-07-05 20:11:00,,
2025-07-05 20:12:00,1.8659239523771316e-23,7.457300563143967e-22
2025-07-05 20:13:00,2.2184173337154284e-23,8.86453567593621e-22
2025-07-05 20:14:00,,
2025-07-05 20:15:00,4.719512360966218e-23,1.8870203027810912e-21
2025-07-05 20:16:00,2.875605508707974e-23,1.1498235024853415e-21
2025-07-05 20:17:00,2.880903338045328e-23,1.1514656676149215e-21
2025-07-05 20:18:00,,
2025-07-05 20:19:00,2.9072966328934356e-23,1.1624651416934646e-21
2025-07-05 20:20:00,4.7384033271330543e-23,1.8938664066227816e-21
2025-07-05 20:21:00,2.5636297828895204e-23,1.025082459538099e-21
2025-07-05 20:22:00,,
2025-07-05 20:23:00,2.3418097326413407e-23,9.362515837121334e-22
2025-07-05 20:24:00,2.054113241666761e-23,8.213146618015134e-22
2025-07-05 20:25:00,2.8157464586110953e-23,1.1259852226183277e-21
2025-07-05 20:26:00,,
2025-07-05 20:27:00,4.069512673995123e-23,1.6265589935497802e-21
2025-07-05 20:28:00,3.9863907174783005e-23,1.5940567248300267e-21
2025-07-05 20:29:00,,
2025-07-05 20:30:00,2.026463424763381e-23,8.102353412803694e-22
2025-07-05 20:31:00,1.9836402050416795e-23,7.932912765667195e-22
2025-07-05 20:32:00,2.1044626462179374e-23,8.415638156484769e-22
2025-07-05 20:33:00,,
2025-07-05 20:34:00,2.554868417846157e-23,1.0217193589622913e-21
2025-07-05 20:35:00,2.9381291260328015e-23,1.1749971528858221e-21
2025-07-05 20:36:00,1.7035192596020767e-22,6.813358390054142e-21
2025-07-05 20:37:00,,
2025-07-05 20:38:00,4.717911371098888e-23,1.8868847054814985e-21
2025-07-05 20:39:00,2.0051325928511202e-23,8.019172519442926e-22
2025-07-05 20:40:00,2.3838984374631586e-23,9.533068779219007e-22
2025-07-05 20:41:00,,
2025-07-05 20:42:00,2.0834074825384073e-23,8.332323566915836e-22
2025-07-05 20:43:00,2.0446284782433513e-23,8.177618423860996e-22
2025-07-05 20:44:00,,
2025-07-05 20:45:00,1.8889966914293713e-23,7.554351320144552e-22
2025-07-05 20:46:00,1.9693216511956495e-23,7.874962167717718e-22
2025-07-05 20:47:00,1.8721502930301354e-23,7.484516064977444e-22
2025-07-05 20:48:00,,
2025-07-05 20:49:00,4.66124636336926e-23,1.863989874115494e-21
2025-07-05 20:50:00,4.364754157813037e-23,1.7456874038481632e-21
2025-07-05 20:51:00,2.1349833940438708e-23,8.538527787760362e-22
2025-07-05 20:52:00,,
2025-07-05 20:53:00,1.8811653354683898e-23,7.521615276676373e-22
2025-07-05 20:54:00,1.728620493511676e-23,6.911786834344641e-22
2025-07-05 20:55:00,1.983998648722961e-23,7.934140054949438e-22
2025-07-05 20:56:00,,
2025-07-05 20:57:00,1.8304518595305276e-23,7.320491904260599e-22
2025-07-05 20:58:00,,
2025-07-05 20:59:00,,
2025-07-05 21:00:00,,
2025-07-05 21:01:00,1.2787227347577509e-23,5.113093591035234e-22
2025-07-05 21:02:00,2.8095234676572825e-23,1.1232829660629113e-21
2025-07-05 21:03:00,,
2025-07-05 21:04:00,1.9816911259753664e-23,7.921741147132992e-22
2025-07-05 21:05:00,4.760729138941062e-23,1.9035201381961612e-21
2025-07-05 21:06:00,7.813346598341813e-23,3.124967873583931e-21
2025-07-05 21:07:00,,
2025-07-05 21:08:00,1.855155738797999e-23,7.419073053843427e-22
2025-07-05 21:09:00,1.5950274906741698e-23,6.379422331281288e-22
2025-07-05 21:10:00,1.5911344318559684e-23,6.362482661272979e-22
2025-07-05 21:11:00,,
2025-07-05 21:12:00,2.4669574105873768e-23,9.862394133183648e-22
2025-07-05 21:13:00,3.800875468972768e-23,1.5202014488158877e-21
2025-07-05 21:14:00,,
2025-07-05 21:15:00,1.6168272002592384e-23,6.466459877635661e-22
2025-07-05 21:16:00,1.7932283304440415e-22,7.171918266315163e-21
2025-07-05 21:17:00,4.176281035197168e-23,1.6684898757407418e-21
2025-07-05 21:18:00,,
2025-07-05 21:19:00,2.3225248877383834e-23,9.287740444249529e-22
2025-07-05 21:20:00,2.7029744494150757e-23,1.0809914140464689e-21
2025-07-05 21:21:00,4.998058519823932e-23,1.9988739588780242e-21
2025-07-05 21:22:00,,
2025-07-05 21:23:00,2.38010146183973e-23,9.517527169260392e-22
2025-07-05 21:24:00,2.544269267874851e-23,1.0174572292515408e-21
2025-07-05 21:25:00,2.0743161085458255e-23,8.295304563622695e-22
2025-07-05 21:26:00,,
2025-07-05 21:27:00,5.029076078953097e-23,2.011428761786359e-21
2025-07-05 21:28:00,2.1601771413953425e-23,8.638275954553572e-22
2025-07-05 21:29:00,,
2025-07-05 21:30:00,1.7981860794417527e-23,7.18322292639713e-22
2025-07-05 21:31:00,4.6929491066265246e-23,1.876628547515773e-21
2025-07-05 21:32:00,8.674257548438958e-23,3.4686527404909106e-21
2025-07-05 21:33:00,,
2025-07-05 21:34:00,1.8440527385388728e-23,7.374114038138392e-22
2025-07-05 21:35:00,1.5125843332802967e-23,6.0494075951225745e-22
2025-07-05 21:36:00,1.5403493234683e-23,6.158641639755004e-22
2025-07-05 21:37:00,,
2025-07-05 21:38:00,1.5402623019564355e-23,6.160237267161586e-22
2025-07-05 21:39:00,1.5742823490726567e-23,6.296307238264284e-22
2025-07-05 21:40:00,2.0548463294560644e-23,8.218304362791014e-22
2025-07-05 21:41:00,,
2025-07-05 21:42:00,4.174402423475274e-23,1.6695991747467981e-21
2025-07-05 21:43:00,5.434738461804848e-23,2.1731096649589807e-21
2025-07-05 21:44:00,,
2025-07-05 21:45:00,2.1900449006642413e-23,8.75409581359411e-22
2025-07-05 21:46:00,4.044574615954637e-23,1.6174406977836493e-21
2025-07-05 21:47:00,1.9980058223682566e-23,7.989181343848461e-22
2025-07-05 21:48:00,,
2025-07-05 21:49:00,1.7178338652390207e-23,6.870551788320001e-22
2025-07-05 21:50:00,2.0916492836258336e-23,8.365666612828105e-22
2025-07-05 21:51:00,2.0860260867429273e-23,8.343167081039925e-22
2025-07-05 21:52:00,,
2025-07-05 21:53:00,2.2363349374106166e-23,8.942140043845892e-22
2025-07-05 21:54:00,1.931001122494355e-23,7.721965362409108e-22
2025-07-05 21:55:00,1.8655908297628092e-23,7.460808069203332e-22
2025-07-05 21:56:00,,
2025-07-05 21:57:00,2.0857590455641985e-23,8.336763443254627e-22
2025-07-05 21:58:00,,
2025-07-05 21:59:00,,
2025-07-05 22:00:00,,
2025-07-05 22:01:00,1.4406258411495224e-23,5.759134018347605e-22
2025-07-05 22:02:00,1.8197614059530893e-23,7.277562730290869e-22
2025-07-05 22:03:00,,
2025-07-05 22:04:00,1.7708997976862297e-23,7.080593777321335e-22
2025-07-05 22:05:00,1.9293708340358157e-23,7.715267964222202e-22
2025-07-05 22:06:00,8.389887314952638e-21,3.3553319410055716e-19
2025-07-05 22:07:00,,
2025-07-05 22:08:00,2.34911385490661e-22,9.394204477544307e-21
2025-07-05 22:09:00,2.2187216852206572e-23,8.872598059821898e-22
2025-07-05 22:10:00,3.6101140512034776e-23,1.4437064855620942e-21
2025-07-05 22:11:00,,
2025-07-05 22:12:00,2.27025418947072e-23,9.07815126581196e-22
2025-07-05 22:13:00,1.8195968243446844e-23,7.277188201431945e-22
2025-07-05 22:14:00,,
2025-07-05 22:15:00,1.9663720501059798e-23,7.854228892539792e-22
2025-07-05 22:16:00,2.943486237930117e-23,1.1765360241804362e-21
2025-07-05 22:17:00,2.4840741909529456e-23,9.928424059829593e-22
2025-07-05 22:18:00,,
2025-07-05 22:19:00,2.221605862181133e-23,8.88555480089474e-22
2025-07-05 22:20:00,6.016934054624333e-23,2.406246624585224e-21
2025-07-05 22:21:00,2.9227772329259825e-23,1.1677859754832458e-21
2025-07-05 22:22:00,,
2025-07-05 22:23:00,1.9201979030861555e-23,7.676677227060924e-22
2025-07-05 22:24:00,3.222932432367641e-23,1.2883647931029887e-21
2025-07-05 22:25:00,2.4131596178709466e-23,9.651387171757418e-22
2025-07-05 22:26:00,,
2025-07-05 22:27:00,2.1550619178430598e-23,8.615672016384625e-22
2025-07-05 22:28:00,1.6653096217616158e-23,6.660352739695794e-22
2025-07-05 22:29:00,,
2025-07-05 22:30:00,1.8074871574341056e-23,7.22881169044836e-22
2025-07-05 22:31:00,1.8041736397811413e-23,7.215751050243139e-22
2025-07-05 22:32:00,1.789865132838352e-23,7.1576375478380435e-22
2025-07-05 22:33:00,,
2025-07-05 22:34:00,1.6933491519617033e-23,6.772764794459723e-22
2025-07-05 22:35:00,1.882562629567784e-23,7.528879212957088e-22
2025-07-05 22:36:00,1.646647855996517e-23,6.585152443555927e-22
2025-07-05 22:37:00,,
2025-07-05 22:38:00,1.5848255866418072e-23,6.33851842551132e-22
2025-07-05 22:39:00,1.6083584093713974e-23,6.4308978907810525e-22
2025-07-05 22:40:00,1.7016165297415388e-23,6.804257211462444e-22
2025-07-05 22:41:00,,
2025-07-05 22:42:00,1.672687527191929e-23,6.689711264146515e-22
2025-07-05 22:43:00,1.6716094890822803e-23,6.684796953134602e-22
2025-07-05 22:44:00,,
2025-07-05 22:45:00,1.7804548147667343e-23,7.118938291529894e-22
2025-07-05 22:46:00,8.883284106725521e-23,3.552963657736139e-21
2025-07-05 22:47:00,1.167476565168818e-22,4.6694223701729945e-21
2025-07-05 22:48:00,,
2025-07-05 22:49:00,1.0599668865120618e-22,4.239036608771043e-21
2025-07-05 22:50:00,1.4441395744796274e-23,5.774446229379555e-22
2025-07-05 22:51:00,1.562332119910101e-23,6.248710394168838e-22
2025-07-05 22:52:00,,
2025-07-05 22:53:00,1.7107662950477863e-23,6.839715775295892e-22
2025-07-05 22:54:00,1.6867713293166502e-23,6.746430809154419e-22
2025-07-05 22:55:00,1.777672780051357e-23,7.109035563995353e-22
2025-07-05 22:56:00,,
2025-07-05 22:57:00,1.9636660849726397e-23,7.853162941972079e-22
2025-07-05 22:58:00,,
2025-07-05 22:59:00,,
2025-07-05 23:00:00,,
2025-07-05 23:01:00,6.036122966409437e-23,2.4139915851949753e-21
2025-07-05 23:02:00,7.656653358558969e-23,3.0607449302979398e-21
2025-07-05 23:03:00,,
2025-07-05 23:04:00,2.1742650278172766e-23,8.688887742551923e-22
2025-07-05 23:05:00,2.392451650085034e-23,9.54591106182853e-22
2025-07-05 23:06:00,2.4795588213499183e-23,9.912832713340933e-22
2025-07-05 23:07:00,,
2025-07-05 23:08:00,2.2094814885841487e-23,8.829589932130672e-22
2025-07-05 23:09:00,2.3418689641364428e-23,9.361413905430233e-22
2025-07-05 23:10:00,2.429304724004706e-23,9.71207788927113e-22
2025-07-05 23:11:00,,
2025-07-05 23:12:00,5.522848858782255e-23,2.2070514697814424e-21
2025-07-05 23:13:00,6.770798621188756e-23,2.7068771900331434e-21
2025-07-05 23:14:00,,
2025-07-05 23:15:00,7.442084798706156e-23,2.9753178678325747e-21
2025-07-05 23:16:00,3.797523923702069e-23,1.517056685785119e-21
2025-07-05 23:17:00,3.689673490235934e-23,1.4744021277709682e-21
2025-07-05 23:18:00,,
2025-07-05 23:19:00,7.837717640948724e-23,3.1333430107853923e-21
2025-07-05 23:20:00,2.7103220830529236e-23,1.0837071475990175e-21
2025-07-05 23:21:00,3.6686284875722415e-23,1.467246853032529e-21
2025-07-05 23:22:00,,
2025-07-05 23:23:00,2.0786904004179105e-22,8.313424278057208e-21
2025-07-05 23:24:00,6.948077992644203e-23,2.778498853857735e-21
2025-07-05 23:25:00,6.949878227415327e-23,2.7779800359329137e-21
2025-07-05 23:26:00,,
2025-07-05 23:27:00,4.143227557167531e-23,1.6565334441652774e-21
2025-07-05 23:28:00,2.6452833497778827e-23,1.0572884045294104e-21
2025-07-05 23:29:00,,
2025-07-05 23:30:00,2.029848450545885e-23,8.116056167731443e-22
2025-07-05 23:31:00,2.379901986466337e-23,9.51860896074669e-22
2025-07-05 23:32:00,2.870928577950712e-23,1.1474273642175034e-21
2025-07-05 23:33:00,,
2025-07-05 23:34:00,7.502867149137554e-23,3.0007654722337337e-21
2025-07-05 23:35:00,5.65880207797284e-23,2.2611570740732356e-21
2025-07-05 23:36:00,3.510411624117966e-23,1.4007881284460238e-21
2025-07-05 23:37:00,,
2025-07-05 23:38:00,1.8541452614092004e-23,7.414651327777043e-22
2025-07-05 23:39:00,1.9749268782759782e-23,7.891288179695345e-22
2025-07-05 23:40:00,1.9620048607283187e-23,7.846514887262871e-22
2025-07-05 23:41:00,,
2025-07-05 23:42:00,2.9923124470045843e-23,1.1961112960017625e-21
2025-07-05 23:43:00,5.1224537570869614e-23,2.0482850439109075e-21
2025-07-05 23:44:00,,
2025-07-05 23:45:00,2.440472560324891e-22,9.759724948519443e-21
2025-07-05 23:46:00,3.4684646086215e-23,1.3872058958416493e-21
2025-07-05 23:47:00,1.8814312961355698e-23,7.524370139590135e-22
2025-07-05 23:48:00,,
2025-07-05 23:49:00,2.3401310597382725e-23,9.335253397921159e-22
2025-07-05 23:50:00,2.6260709591357815e-23,1.050288617804114e-21
2025-07-05 23:51:00,1.8502669680164584e-23,7.391893039157444e-22
2025-07-05 23:52:00,,
2025-07-05 23:53:00,2.1205025278107948e-23,8.480352150634382e-22
2025-07-05 23:54:00,1.7232865424356863e-22,6.891564617017454e-21
2025-07-05 23:55:00,6.118447021558371e-23,2.4469725572567025e-21
2025-07-05 23:56:00,,
2025-07-05 23:57:00,5.552476416376117e-23,2.2204285721927775e-21
2025-07-05 23:58:00,,
2025-07-05 23:59:00,,
2025-07-06 00:00:00,,
2025-07-06 00:01:00,6.541601988039428e-23,2.6160152733082646e-21
2025-07-06 00:02:00,1.701341176363721e-21,6.804723575469429e-20
2025-07-06 00:03:00,,
2025-07-06 00:04:00,6.577842340427248e-21,2.630894593103508e-19
2025-07-06 00:05:00,8.707609315490894e-21,3.4827241127854834e-19
2025-07-06 00:06:00,1.6263428938892043e-22,6.504522782893232e-21
2025-07-06 00:07:00,,
2025-07-06 00:08:00,5.911330473615199e-22,2.3643081200996215e-20
2025-07-06 00:09:00,2.19280876611134e-21,8.770409899511549e-20
2025-07-06 00:10:00,8.463572589428923e-21,3.3851165452525993e-19
2025-07-06 00:11:00,,
2025-07-06 00:12:00,2.091811335949965e-21,8.366331426982642e-20
2025-07-06 00:13:00,3.7686768118034997e-22,1.5073194562878452e-20
2025-07-06 00:14:00,,
2025-07-06 00:15:00,3.426046200550594e-22,1.3701939152118934e-20
2025-07-06 00:16:00,4.688876598847711e-22,1.875177023194798e-20
2025-07-06 00:17:00,4.292105471595814e-22,1.7166219860369906e-20
2025-07-06 00:18:00,,
2025-07-06 00:19:00,1.2868468301164305e-22,5.146558817502952e-21
2025-07-06 00:20:00,2.12182288079121e-22,8.4849072098655e-21
2025-07-06 00:21:00,4.098655657352432e-22,1.639237639140587e-20
2025-07-06 00:22:00,,
2025-07-06 00:23:00,2.184429211315977e-22,8.724274513110992e-21
2025-07-06 00:24:00,5.191170323686692e-23,2.070976521484003e-21
2025-07-06 00:25:00,2.8640906683691196e-22,1.1454686999096606e-20
2025-07-06 00:26:00,,
2025-07-06 00:27:00,6.372439923504249e-23,2.5484945714652573e-21
2025-07-06 00:28:00,7.026833224657811e-23,2.8098350191611123e-21
2025-07-06 00:29:00,,
2025-07-06 00:30:00,8.052468531195905e-22,3.220658579204333e-20
2025-07-06 00:31:00,4.716142920539356e-22,1.8861144500394884e-20
2025-07-06 00:32:00,6.451600590301556e-23,2.5793932781254353e-21
2025-07-06 00:33:00,,
2025-07-06 00:34:00,5.172988013671679e-22,2.0690040379723353e-20
2025-07-06 00:35:00,5.578437413947546e-23,2.2310971735373065e-21
2025-07-06 00:36:00,5.151059023697821e-23,2.0590617927823464e-21
2025-07-06 00:37:00,,
2025-07-06 00:38:00,4.984963128410484e-23,1.9923388084710638e-21
2025-07-06 00:39:00,6.894937438471041e-23,2.757269864285409e-21
2025-07-06 00:40:00,8.681407770354264e-23,3.471931278595322e-21
2025-07-06 00:41:00,,
2025-07-06 00:42:00,3.0993907171471816e-22,1.239461246709115e-20
2025-07-06 00:43:00,6.730789149175245e-23,2.691923977941698e-21
2025-07-06 00:44:00,,
2025-07-06 00:45:00,1.9028486722786914e-22,7.610604047983102e-21
2025-07-06 00:46:00,7.58881382613054e-23,3.032005272348738e-21
2025-07-06 00:47:00,7.890989265201947e-23,3.1546367441184957e-21
2025-07-06 00:48:00,,
2025-07-06 00:49:00,9.154470842433946e-23,3.660478817896791e-21
2025-07-06 00:50:00,8.106838567967269e-23,3.2409608577119897e-21
2025-07-06 00:51:00,2.3660996383598456e-22,9.461415585656178e-21
2025-07-06 00:52:00,,
2025-07-06 00:53:00,5.925061704033672e-22,2.3695918989780474e-20
2025-07-06 00:54:00,2.4432422896116025e-22,9.771111818086655e-21
2025-07-06 00:55:00,1.16244514329931e-22,4.6404098076547016e-21
2025-07-06 00:56:00,,
2025-07-06 00:57:00,3.0037055726807796e-22,1.2012407992651293e-20
2025-07-06 00:58:00,,
2025-07-06 00:59:00,,
2025-07-06 01:00:00,,
2025-07-06 01:01:00,5.698857052311058e-23,2.2767804705035804e-21
2025-07-06 01:02:00,1.9309483956388917e-22,7.722835680377297e-21
2025-07-06 01:03:00,,
2025-07-06 01:04:00,1.2834232534054338e-22,5.131111334962822e-21
2025-07-06 01:05:00,2.084616249370452e-22,8.331518405350979e-21
2025-07-06 01:06:00,2.8842742531685623e-22,1.1534055647051623e-20
2025-07-06 01:07:00,,
2025-07-06 01:08:00,2.712383761845579e-22,1.0847257336913106e-20
2025-07-06 01:09:00,1.3761995706740857e-22,5.503636239811839e-21
2025-07-06 01:10:00,1.398548078564897e-22,5.592830193220453e-21
2025-07-06 01:11:00,,
2025-07-06 01:12:00,1.4502232747212364e-22,5.7980140174543456e-21
2025-07-06 01:13:00,4.2502250158007315e-22,1.6997812979484817e-20
2025-07-06 01:14:00,,
2025-07-06 01:15:00,3.8081358488783107e-22,1.5229889073827355e-20
2025-07-06 01:16:00,2.5624077907075446e-22,1.0247402434177202e-20
2025-07-06 01:17:00,4.792441413535351e-22,1.916616886851448e-20
2025-07-06 01:18:00,,
2025-07-06 01:19:00,1.4067960867325215e-22,5.626565066992354e-21
2025-07-06 01:20:00,5.018422153471175e-22,2.007155343607737e-20
2025-07-06 01:21:00,1.11205157738805e-22,4.443008819567683e-21
2025-07-06 01:22:00,,
2025-07-06 01:23:00,3.4505562808478356e-22,1.3787608601372624e-20
2025-07-06 01:24:00,9.328979931213343e-23,3.730889498317363e-21
2025-07-06 01:25:00,8.346348348924975e-22,3.3381796249566756e-20
2025-07-06 01:26:00,,
2025-07-06 01:27:00,3.432428083413879e-22,1.3726152849044553e-20
2025-07-06 01:28:00,1.6459768044387981e-22,6.579611984500058e-21
2025-07-06 01:29:00,,
2025-07-06 01:30:00,6.295368624893007e-22,2.5175319702184268e-20
2025-07-06 01:31:00,2.9013998942255225e-22,1.1603154415682486e-20
2025-07-06 01:32:00,1.6562664685736878e-22,6.623515177896261e-21
2025-07-06 01:33:00,,
2025-07-06 01:34:00,1.4874194845495932e-22,5.945699094365445e-21
2025-07-06 01:35:00,4.385038392366403e-22,1.7538361356863262e-20
2025-07-06 01:36:00,1.2738223178594044e-22,5.093906060115524e-21
2025-07-06 01:37:00,,
2025-07-06 01:38:00,1.3424914803458026e-22,5.360373225612118e-21
2025-07-06 01:39:00,5.670384172499753e-22,2.2677961600794774e-20
2025-07-06 01:40:00,8.504742598974394e-22,3.4012914679282014e-20
2025-07-06 01:41:00,,
2025-07-06 01:42:00,2.9754319383200415e-22,1.1899171169073542e-20
2025-07-06 01:43:00,1.2046825267725343e-22,4.8125891877198865e-21
2025-07-06 01:44:00,,
2025-07-06 01:45:00,4.579676480358627e-22,1.8314855459844626e-20
2025-07-06 01:46:00,1.3408464895079614e-22,5.36244369578544e-21
2025-07-06 01:47:00,1.1715123646234778e-21,4.685043283472246e-20
2025-07-06 01:48:00,,
2025-07-06 01:49:00,4.1006982750698475e-21,1.6401007584530643e-19
2025-07-06 01:50:00,5.176223859870537e-22,2.0699496635603324e-20
2025-07-06 01:51:00,6.904160383199899e-22,2.761248720069654e-20
2025-07-06 01:52:00,,
2025-07-06 01:53:00,7.657648278192165e-22,3.0627733617815094e-20
2025-07-06 01:54:00,4.448741655201523e-22,1.7793281481892764e-20
2025-07-06 01:55:00,1.0695498636632543e-22,4.273773994613245e-21
2025-07-06 01:56:00,,
2025-07-06 01:57:00,6.977765491495869e-22,2.7906085046035184e-20
2025-07-06 01:58:00,,
2025-07-06 01:59:00,,
2025-07-06 02:00:00,,
2025-07-06 02:01:00,1.6337741735570668e-22,6.528630028580848e-21
2025-07-06 02:02:00,1.5991544251496088e-22,6.394459855384504e-21
2025-07-06 02:03:00,,
2025-07-06 02:04:00,5.543463172753486e-21,2.2168991651951246e-19
2025-07-06 02:05:00,2.5067057331202514e-22,1.0025377610282432e-20
2025-07-06 02:06:00,5.26974759138106e-22,2.1072320912840432e-20
2025-07-06 02:07:00,,
2025-07-06 02:08:00,1.4695090693797948e-22,5.858211883784085e-21
2025-07-06 02:09:00,1.0470734206312608e-22,4.187342386230713e-21
2025-07-06 02:10:00,1.3652655004795513e-22,5.45747783939932e-21
2025-07-06 02:11:00,,
2025-07-06 02:12:00,2.864867196522249e-22,1.1458182704837449e-20
2025-07-06 02:13:00,1.9058468040092526e-22,7.614094378567772e-21
2025-07-06 02:14:00,,
2025-07-06 02:15:00,1.4321598456780326e-22,5.727887186253717e-21
2025-07-06 02:16:00,8.832869145050666e-22,3.532065450725145e-20
2025-07-06 02:17:00,3.652819935368971e-22,1.4584041207137355e-20
2025-07-06 02:18:00,,
2025-07-06 02:19:00,5.287645527071752e-22,2.1147494804782612e-20
2025-07-06 02:20:00,1.0498359727196948e-22,4.1988859050098955e-21
2025-07-06 02:21:00,2.322513931474816e-21,9.289067326470456e-20
2025-07-06 02:22:00,,
2025-07-06 02:23:00,3.345206708479159e-22,1.3377796369043747e-20
2025-07-06 02:24:00,3.8186938020818654e-22,1.5268208193411777e-20
2025-07-06 02:25:00,9.182243472441138e-22,3.6723852965502455e-20
2025-07-06 02:26:00,,
2025-07-06 02:27:00,5.279068907477179e-22,2.111293069406102e-20
2025-07-06 02:28:00,6.134091226372854e-22,2.4532379238370993e-20
2025-07-06 02:29:00,,
2025-07-06 02:30:00,7.956492818901248e-23,3.180509184215999e-21
2025-07-06 02:31:00,9.065635253358942e-22,3.625759693417864e-20
2025-07-06 02:32:00,1.5943395795390108e-21,6.376767561731823e-20
2025-07-06 02:33:00,,
2025-07-06 02:34:00,1.3981404339697774e-22,5.583071607290203e-21
2025-07-06 02:35:00,2.632512647447264e-22,1.0504057523209862e-20
2025-07-06 02:36:00,2.9232040616573966e-22,1.1685855899447858e-20
2025-07-06 02:37:00,,
2025-07-06 02:38:00,1.1091754354232746e-22,4.433764138960767e-21
2025-07-06 02:39:00,1.502951889826278e-22,6.0076003322809396e-21
2025-07-06 02:40:00,7.710288999760874e-22,3.083798986460291e-20
2025-07-06 02:41:00,,
2025-07-06 02:42:00,1.1983397333634504e-22,4.7929027144497326e-21
2025-07-06 02:43:00,3.81349029678833e-22,1.525098268879033e-20
2025-07-06 02:44:00,,
2025-07-06 02:45:00,2.3622999912822363e-22,9.448332845557415e-21
2025-07-06 02:46:00,1.3950117347706888e-22,5.554784061930532e-21
2025-07-06 02:47:00,1.1086876217734413e-21,4.434273723276087e-20
2025-07-06 02:48:00,,
2025-07-06 02:49:00,4.974801939327524e-22,1.9896664938577954e-20
2025-07-06 02:50:00,7.906965179193736e-22,3.1624368974709374e-20
2025-07-06 02:51:00,4.557713693525471e-22,1.822511648121693e-20
2025-07-06 02:52:00,,
2025-07-06 02:53:00,5.9580903624199574e-21,2.3829694836816955e-19
2025-07-06 02:54:00,4.2192355203531595e-22,1.6867920710868372e-20
2025-07-06 02:55:00,8.20937782862033e-23,3.2781742279314987e-21
2025-07-06 02:56:00,,
2025-07-06 02:57:00,2.3707813179471215e-22,9.482139350129804e-21
