area,equivalent_diameter,d_eq_px,d_eq_mm
1753.0,47.24393000080264,47.24393000080264,798.0393581216662
4123.0,72.4538932214348,72.4538932214348,1223.8833314431554
4786.0,78.06231139994824,78.06231139994824,1318.6201249991257
2478.0,56.170166386203036,56.170166386203036,948.8203781453216
1855.0,48.5989645515594,48.5989645515594,820.9284552628276
3617.0,67.86241546914671,67.86241546914671,1146.3245856274782
5136.0,80.86629892458166,80.86629892458166,1365.9847791314469
4797.0,78.15196796047158,78.15196796047158,1320.1345939268847
3218.0,64.01003714229319,64.01003714229319,1081.2506274036011
2865.0,60.3972788763388,60.3972788763388,1020.2243053435608
1756.0,47.28433821631583,47.28433821631583,798.7219293296592
2941.0,61.19311645165748,61.19311645165748,1033.6675076293493
7044.0,94.70321722684234,94.70321722684234,1599.7165072101745
4410.0,74.93321287841638,74.93321287841638,1265.7637310543307
2592.0,57.44768837780631,57.44768837780631,970.4001415169984
6924.0,93.89308072348179,93.89308072348179,1586.0317689777328
4142.0,72.62064578543105,72.62064578543105,1226.7000977268758
2247.0,53.48802910016325,53.48802910016325,903.5140050703252
3886.0,70.34066299688142,70.34066299688142,1188.1868749473213
3283.0,64.65327080175867,64.65327080175867,1092.116060840518
3492.0,66.67947577939698,66.67947577939698,1126.3424962735976
4338.0,74.31899585611431,74.31899585611431,1255.3884435154444
6633.0,91.89884602228874,91.89884602228874,1552.3453719981205
1822.0,48.164742815751296,48.164742815751296,813.5936286444476
2091.0,51.597905849377504,51.597905849377504,871.586247455701
4991.0,79.71661412637391,79.71661412637391,1346.56442781037
1964.0,50.00642424588925,50.00642424588925,844.7031122616427
2961.0,61.400832990773154,61.400832990773154,1037.1762329522492
3415.0,65.94022327282931,65.94022327282931,1113.8551228518465
9142.0,107.8886273801315,107.8886273801315,1822.4430300697886
3322.0,65.0361573865662,65.0361573865662,1098.5837396379425
4847.0,78.5582081855953,78.5582081855953,1326.9967598918126
6353.0,89.93826120012821,89.93826120012821,1519.2273851373009
2275.0,53.820256077730576,53.820256077730576,909.1259472589624
5196.0,81.33727727459228,81.33727727459228,1373.940494503248
2410.0,55.39410891793226,55.39410891793226,935.7112992893962
4532.0,75.96263302927142,75.96263302927142,1283.152584953909
4216.0,73.26648565751906,73.26648565751906,1237.6095550256596
4394.0,74.79715609277069,74.79715609277069,1263.4654745400453
3760.0,69.190900328036,69.190900328036,1168.7652082438512
2962.0,61.41120037505823,61.41120037505823,1037.3513576867945
4696.0,77.3248530685725,77.3248530685725,1306.1630585907515
4103.0,72.277948587715,72.277948587715,1220.911293711402
1898.0,49.15901398428714,49.15901398428714,830.3887497345801
2135.0,52.137955732935794,52.137955732935794,880.7087117049965
3304.0,64.85972136700079,64.85972136700079,1095.603401469608
5263.0,81.86000075703129,81.86000075703129,1382.7702830579608
2460.0,55.965786691946896,55.965786691946896,945.3680184450488
3183.0,63.66098861070273,63.66098861070273,1075.3545373429515
2721.0,58.859874288214186,58.859874288214186,994.2546332468612
3065.0,62.46982635331456,62.46982635331456,1055.2335532654486
3267.0,64.49553157118544,64.49553157118544,1089.4515468105649
9750.0,111.41851534268368,111.41851534268368,1882.0695159237107
3680.0,68.45086942198323,68.45086942198323,1156.264686182149
5218.0,81.5092874734412,81.5092874734412,1376.8460721865067
4119.0,72.41873849194099,72.41873849194099,1223.289501553057
2065.0,51.27611198090307,51.27611198090307,866.1505402179572
3209.0,63.920463852002335,63.920463852002335,1079.737565067607
2201.0,52.937701479778035,52.937701479778035,894.217930401656
5904.0,86.70182392612281,86.70182392612281,1464.5578365899123
5134.0,80.85055239557937,80.85055239557937,1365.7187904658676
6986.0,94.31252016312493,94.31252016312493,1593.1168946473806
5453.0,83.32451762501144,83.32451762501144,1407.5087436657336
2705.0,58.686565485710744,58.686565485710744,991.3271196910598
2782.0,59.51598452057416,59.51598452057416,1005.33757636105
6675.0,92.18933756735217,92.18933756735217,1557.2523237728406
3180.0,63.630981072570435,63.630981072570435,1074.847653252879
6405.0,90.30558833222182,90.30558833222182,1525.4322353415846
2328.0,54.44356399193075,54.44356399193075,919.6547971609924
1845.0,48.46779301800707,48.46779301800707,818.7127198987681
2285.0,53.93841265480332,53.93841265480332,911.1218353851912
3907.0,70.5304678935301,70.5304678935301,1191.3930387420626
3227.0,64.09948526205473,64.09948526205473,1082.761575372546
2539.0,56.857323222981385,56.857323222981385,960.4277571449558
2545.0,56.92446434838882,56.92446434838882,961.5618977768381
1948.0,49.802315539983645,49.802315539983645,841.2553300672913
4182.0,72.97045824223972,72.97045824223972,1232.6090919297249
3911.0,70.56656332470232,70.56656332470232,1192.0027588632147
2723.0,58.88150202155044,58.88150202155044,994.6199665802438
4931.0,79.23600314938335,79.23600314938335,1338.445999144989
6540.0,91.25232392968391,91.25232392968391,1541.42439070412
4584.0,76.3971862902423,76.3971862902423,1290.4930116594983
2946.0,61.24511163178486,61.24511163178486,1034.5458045909604
2928.0,61.05772176379132,61.05772176379132,1031.3804351991778
1880.0,48.925354818356766,48.925354818356766,826.4418043641346
5379.0,82.75720821252031,82.75720821252031,1397.9258144006808
3553.0,67.25934955412544,67.25934955412544,1136.137661387254
3342.0,65.23163771135073,65.23163771135073,1101.8857721511947
2429.0,55.61203875206977,55.61203875206977,939.3925464876651
2470.0,56.07942292406237,56.07942292406237,947.2875493929454
5010.0,79.86820468198322,79.86820468198322,1349.1250790875542
3370.0,65.50433012982805,65.50433012982805,1106.492063003852
8042.0,101.1898829861967,101.1898829861967,1709.2885639560252
7903.0,100.31157521463807,100.31157521463807,1694.4522840310483
3146.0,63.28990130926751,63.28990130926751,1069.0861707646538
3618.0,67.87179585698185,67.87179585698185,1146.4830381246934
3512.0,66.8701523933503,66.8701523933503,1129.563385022809
2532.0,56.77889156429026,56.77889156429026,959.1028980454436
2711.0,58.751616197148365,58.751616197148365,992.4259492761548
3596.0,67.66512693306387,67.66512693306387,1142.9920090044573
2844.0,60.17552048156129,60.17552048156129,1016.4783865128596
3843.0,69.95040793603158,69.95040793603158,1181.5947286491821
2486.0,56.260763487635096,56.260763487635096,950.3507345884307
10209.0,114.0109754023764,114.0109754023764,1925.8610709860877
7071.0,94.88454468891304,94.88454468891304,1602.779471096504
3204.0,63.87064663310887,63.87064663310887,1078.8960579917039
4387.0,74.73755336344078,74.73755336344078,1262.4586716797428
4218.0,73.28386179571132,73.28386179571132,1237.903070873502
2607.0,57.61367453239352,57.61367453239352,973.2039616958364
3898.0,70.44918555510536,70.44918555510536,1190.0200262686715
2707.0,58.70825706489749,58.70825706489749,991.6935315016467
3258.0,64.40663348403766,64.40663348403766,1087.9498899330686
5304.0,82.17823644539534,82.17823644539534,1388.1458859019483
3039.0,62.20430030512488,62.20430030512488,1050.7483159649473
3050.0,62.31677632421503,62.31677632421503,1052.6482487198484
3017.0,61.978735921814234,61.978735921814234,1046.9381067874026
2778.0,59.47318265633917,59.47318265633917,1004.6145718976211
6738.0,92.62336666535894,92.62336666535894,1564.5838963743065
2589.0,57.414433562644646,57.414433562644646,969.8384047744028
3579.0,67.50499485673002,67.50499485673002,1140.2870752826018
4318.0,74.14747705867296,74.14747705867296,1252.4911665316379
3380.0,65.60144557252416,65.60144557252416,1108.132526562908
2810.0,59.814739995303896,59.814739995303896,1010.3841215422955
2837.0,60.10141918801632,60.10141918801632,1015.2266754732486
10603.0,116.19018415006893,116.19018415006893,1962.672029561975
2958.0,61.369720329545345,61.369720329545345,1036.65068124232
2418.0,55.485973174935154,55.485973174935154,937.2630603874181
6620.0,91.80874569531368,91.80874569531368,1550.8234070154335
3231.0,64.13919994074848,64.13919994074848,1083.4324314315622
7527.0,97.89624126196863,97.89624126196863,1653.6527240197402
4552.0,76.13006244339,76.13006244339,1285.980784516723
2660.0,58.196367489694175,58.196367489694175,983.0467481367259
5160.0,81.05501866530807,81.05501866530807,1369.1726125896632
3086.0,62.68346859462,62.68346859462,1058.8423749091216
2261.0,53.65439973241899,53.65439973241899,906.3243198043748
3741.0,69.01586148744536,69.01586148744536,1165.8084710717121
3760.0,69.190900328036,69.190900328036,1168.7652082438512
6082.0,87.99910744478753,87.99910744478753,1486.47140954033
5498.0,83.66762227381584,83.66762227381584,1413.304430300943
3771.0,69.29203650634248,69.29203650634248,1170.4735896341635
8644.0,104.90892538145049,104.90892538145049,1772.1102260380148
2026.0,50.78959851813597,50.78959851813597,857.9324074009454
3306.0,64.87934906343041,64.87934906343041,1095.934950395784
3508.0,66.83206059168721,66.83206059168721,1128.9199424271487
3602.0,67.72155373391884,67.72155373391884,1143.9451644243047
4441.0,75.19612236125515,75.19612236125515,1270.2047696157963
5766.0,85.6825490688912,85.6825490688912,1447.3403558934324
2161.0,52.454462690725244,52.454462690725244,886.0551130190074
4744.0,77.71903499287426,77.71903499287426,1312.8215370417947
4336.0,74.30186179344139,74.30186179344139,1255.0990167811044
5182.0,81.22762658614133,81.22762658614133,1372.0882869280629
4110.0,72.33957788694595,72.33957788694595,1221.9523291713842
1834.0,48.32309308233785,48.32309308233785,816.2684642286798
3130.0,63.12875553201615,63.12875553201615,1066.3641137164889
3347.0,65.2804163300801,65.2804163300801,1102.709735305407
2315.0,54.2913395125033,54.2913395125033,917.0834377112044
3503.0,66.78441528685622,66.78441528685622,1128.1151230887874
3937.0,70.80073507826268,70.80073507826268,1195.958362808491
4131.0,72.52415155864257,72.52415155864257,1225.0701276797731
3996.0,71.32927323870412,71.32927323870412,1204.8863722754074
7541.0,97.98724104110627,97.98724104110627,1655.1898824511195
3564.0,67.363385733172,67.363385733172,1137.895029276554
1931.0,49.58452945106567,49.58452945106567,837.5765109977309
2532.0,56.77889156429026,56.77889156429026,959.1028980454436
3210.0,63.9304226374257,63.9304226374257,1079.905787794353
4716.0,77.4893392214118,77.4893392214118,1308.9415409022263
2247.0,53.48802910016325,53.48802910016325,903.5140050703252
5750.0,85.56358677747905,85.56358677747905,1445.3308577276866
2142.0,52.22335784706608,52.22335784706608,882.1513149842243
3194.0,63.7708954452116,63.7708954452116,1077.2110717096555
5160.0,81.05501866530807,81.05501866530807,1369.1726125896632
4497.0,75.6687401287614,75.6687401287614,1278.1881778506993
3646.0,68.1339223889569,68.1339223889569,1150.9108511648126
3423.0,66.0174140786237,66.0174140786237,1115.1590215983733
2556.0,57.04735117727269,57.04735117727269,963.6376888052819
2771.0,59.398205178785794,59.398205178785794,1003.3480604524627
5191.0,81.29813329173204,81.29813329173204,1373.2792785765548
3069.0,62.51057640745456,62.51057640745456,1055.92189877457
3083.0,62.65299287678528,62.65299287678528,1058.3275823781296
2193.0,52.8414072636622,52.8414072636622,892.5913389132128
2239.0,53.392727413590976,53.392727413590976,901.9041792836313
3662.0,68.28325719252243,68.28325719252243,1153.4333985223382
2277.0,53.84390813603676,53.84390813603676,909.5254752708912
3287.0,64.6926455135704,64.6926455135704,1092.7811742157162
6757.0,92.75386570798811,92.75386570798811,1566.7882720943937
3385.0,65.64994942060905,65.64994942060905,1108.9518483210986
2615.0,57.7020052466329,57.7020052466329,974.6960345715016
2304.0,54.162200020584606,54.162200020584606,914.90202737474
2154.0,52.36943745506095,52.36943745506095,884.6188759300835
3665.0,68.31122112401718,68.31122112401718,1153.90576223002
2816.0,59.87856509615288,59.87856509615288,1011.4622482458257
2180.0,52.68455378498194,52.68455378498194,889.9417869084787
3063.0,62.449441354777576,62.449441354777576,1054.8892120739456
2613.0,57.67993524955607,57.67993524955607,974.3232305668254
2001.0,50.47526452644959,50.47526452644959,852.6227115954323
4833.0,78.44467298488178,78.44467298488178,1325.0789355554355
5347.0,82.51067716180079,82.51067716180079,1393.7614385439322
4848.0,78.56631156466536,78.56631156466536,1327.133641295023
6358.0,89.97364628282087,89.97364628282087,1519.8251061287308
3569.0,67.41062182742269,67.41062182742269,1138.6929362740318
5484.0,83.56102957316665,83.56102957316665,1411.5038779251122
2371.0,54.94407120488134,54.94407120488134,928.1093108932658
4473.0,75.46655208501566,75.46655208501566,1274.7728392739132
5289.0,82.06195191502744,82.06195191502744,1386.1816201862741
4085.0,72.11923141744607,72.11923141744607,1218.2302604298322
2548.0,56.95800523179507,56.95800523179507,962.128466753295
6058.0,87.8253104862466,87.8253104862466,1483.5356501055167
4281.0,73.82911682399588,73.82911682399588,1247.1134598647952
2068.0,51.31334503335674,51.31334503335674,866.7794769148097
3577.0,67.48613080861635,67.48613080861635,1139.9684258212221
2990.0,61.70077988776266,61.70077988776266,1042.2429035095042
3332.0,65.1339708835379,65.1339708835379,1100.2359946543563
3266.0,64.48566005791552,64.48566005791552,1089.2847982756
1946.0,49.77674310413073,49.77674310413073,840.8233632454514
2787.0,59.56944360304953,59.56944360304953,1006.2406014028636
4096.0,72.2162666941128,72.2162666941128,1219.8693698329864
7207.0,95.79267925528714,95.79267925528714,1618.1195820149853
2814.0,59.85729762430599,59.85729762430599,1011.1030004105742
2974.0,61.535472745745395,61.535472745745395,1039.450553137591
4178.0,72.93555249604618,72.93555249604618,1232.0194678386179
6000.0,87.40387444736633,87.40387444736633,1476.4167980974041
3846.0,69.97770565724083,69.97770565724083,1182.0558388047436
3090.0,62.72407985161403,62.72407985161403,1059.5283758718585
4026.0,71.5965251049502,71.5965251049502,1209.4007619079425
3909.0,70.54851791759874,70.54851791759874,1191.697937797276
3515.0,66.89870701100357,66.89870701100357,1130.0457265372224
3940.0,70.82770507546141,70.82770507546141,1196.4139370854966
3245.0,64.27800807947928,64.27800807947928,1085.7771635047175
5872.0,86.46654038808813,86.46654038808813,1460.5834525014886
2863.0,60.37619412133205,60.37619412133205,1019.8681439414197
5475.0,83.49243383340203,83.49243383340203,1410.345166104764
3500.0,66.75581178124546,66.75581178124546,1127.6319557642812
3867.0,70.168492355835,70.168492355835,1185.2785870918074
2053.0,51.1269086229677,51.1269086229677,863.6302132258056
7078.0,94.93149897497396,94.93149897497396,1603.5726178205061
5040.0,80.10697413749455,80.10697413749455,1353.1583469171376
3844.0,69.95950835992178,69.95950835992178,1181.7484520257058
5861.0,86.38551366804963,86.38551366804963,1459.2147579062437
2545.0,56.92446434838882,56.92446434838882,961.5618977768381
2300.0,54.1151637980601,54.1151637980601,914.107496588853
4071.0,71.9955428246558,71.9955428246558,1216.1409260921587
3004.0,61.84506118021413,61.84506118021413,1044.680087503617
10284.0,114.42899754020574,114.42899754020574,1932.9222557467185
7129.0,95.27289601149414,95.27289601149414,1609.3394596536173
5906.0,86.71650795094249,86.71650795094249,1464.805877549704
4988.0,79.69265241626101,79.69265241626101,1346.1596691935981
2166.0,52.51511071964299,52.51511071964299,887.0795729669424
2845.0,60.18609893298899,60.18609893298899,1016.65707657076
2694.0,58.567118193714535,58.567118193714535,989.3094289478806
6480.0,90.83277079272577,90.83277079272577,1534.337344471719
2418.0,55.485973174935154,55.485973174935154,937.2630603874181
2079.0,51.44963569846149,51.44963569846149,869.0816840956332
4424.0,75.05206023760013,75.05206023760013,1267.7712877972995
5874.0,86.48126436271816,86.48126436271816,1460.832168289158
7538.0,97.96774820426188,97.96774820426188,1654.8606115584776
2750.0,59.172702727031975,59.172702727031975,999.5388974160807
1917.0,49.404455338130255,49.404455338130255,834.5347185494975
6057.0,87.8180614820259,87.8180614820259,1483.413200709897
3216.0,63.99014280237452,63.99014280237452,1080.9145743644344
3163.0,63.4606703399619,63.4606703399619,1071.9707827696266
1990.0,50.33633572304378,50.33633572304378,850.2759412676314
2212.0,53.069820736028305,53.069820736028305,896.4496745950727
1942.0,49.725558778918575,49.725558778918575,839.9587631574084
5092.0,80.51916394120998,80.51916394120998,1360.1210125204389
5007.0,79.84428846504275,79.84428846504275,1348.7210889365329
8336.0,103.02293358719852,103.02293358719852,1740.2522565405154
4791.0,78.10307714057215,78.10307714057215,1319.3087354826378
6392.0,90.21389676733381,90.21389676733381,1523.8833913400981
2506.0,56.48662053182433,56.48662053182433,954.1658873618974
4093.0,72.18981546313178,72.18981546313178,1219.4225584988476
3173.0,63.56090839065055,63.56090839065055,1073.6639930853135
4473.0,75.46655208501566,75.46655208501566,1274.7728392739132
4246.0,73.52669655945044,73.52669655945044,1242.0050094501764
2462.0,55.98853238957037,55.98853238957037,945.7522363103103
4237.0,73.44873008461674,73.44873008461674,1240.6880081860936
4548.0,76.0966060311202,76.0966060311202,1285.415642417571
4039.0,71.71202494132572,71.71202494132572,1211.351772657529
1691.0,46.40094902205299,46.40094902205299,783.799814561706
5147.0,80.952850084181,80.952850084181,1367.4467919625167
2394.0,55.20992184468277,55.20992184468277,932.6000311601819
5404.0,82.94930077914351,82.94930077914351,1401.1706212693161
4556.0,76.16350415923235,76.16350415923235,1286.5456783654113
2659.0,58.18542729456232,58.18542729456232,982.8619475432823
4736.0,77.65347695928193,77.65347695928193,1311.7141378257083
5938.0,86.95111509714752,86.95111509714752,1468.7688361004648
3527.0,67.01280380853288,67.01280380853288,1131.9730373062987
3247.0,64.29781335127248,64.29781335127248,1086.1117120147378
3675.0,68.40435166640879,68.40435166640879,1155.4789132839321
7441.0,97.33537616085093,97.33537616085093,1644.178651365725
3054.0,62.35762639502234,62.35762639502234,1053.3382836997016
2881.0,60.56569266822599,60.56569266822599,1023.0691329092228
3832.0,69.8502250205763,69.8502250205763,1179.9024496718969
4190.0,73.0402196905262,73.0402196905262,1233.787494772402
2690.0,58.52362237026676,58.52362237026676,988.574702200452
5131.0,80.8269268501291,80.8269268501291,1365.3197103062348
3697.0,68.6087938742979,68.6087938742979,1158.9323289577349
2125.0,52.01570947860099,52.01570947860099,878.6437411925842
3124.0,63.06821971288431,63.06821971288431,1065.3415492041267
6187.0,88.75546779368835,88.75546779368835,1499.247766785276
2421.0,55.5203830840875,55.5203830840875,937.8443088528294
2520.0,56.64418463295778,56.64418463295778,956.8274431242868
6254.0,89.23474722760024,89.23474722760024,1507.343703168923
2800.0,59.708213214418464,59.708213214418464,1008.5846826759876
5952.0,87.05355690759389,87.05355690759389,1470.4992720877344
2088.0,51.56087828389873,51.56087828389873,870.9607818226136
2329.0,54.45525594181148,54.45525594181148,919.852296314383
5167.0,81.10997921123261,81.10997921123261,1370.10100018974
3442.0,66.20038151686461,66.20038151686461,1118.249687784875
3285.0,64.67296115421814,64.67296115421814,1092.4486681455767
3556.0,67.2877390100027,67.2877390100027,1136.6172130068023
2183.0,52.72079216169708,52.72079216169708,890.5539216502884
2005.0,50.525689378711114,50.525689378711114,853.4744827484985
2663.0,58.22917574231786,58.22917574231786,983.600941593207
2311.0,54.24441526906674,54.24441526906674,916.2907984639652
3263.0,64.4560364471074,64.4560364471074,1088.7843994443815
2063.0,51.251274918665594,51.251274918665594,865.7309952477295
3818.0,69.72251129871077,69.72251129871077,1177.7451232890332
7535.0,97.9482514881172,97.9482514881172,1654.5312751371148
2123.0,51.991225735433,51.991225735433,878.2301644498817
2923.0,61.005566871072354,61.005566871072354,1030.4994403897356
1956.0,49.904474243317885,49.904474243317885,842.9809838398292
4187.0,73.0140669584028,73.0140669584028,1233.3457256486959
6554.0,91.34994239841784,91.34994239841784,1543.0733513246255
5221.0,81.53271529307904,81.53271529307904,1377.2418123830919
2449.0,55.840519741997504,55.840519741997504,943.2520226688767
1891.0,49.06827874599019,49.06827874599019,828.856059898483
2960.0,61.39046385568431,61.39046385568431,1037.001078643316
4587.0,76.42218128070012,76.42218128070012,1290.9152243361505
2241.0,53.41656877553537,53.41656877553537,902.3069049921514
8028.0,101.10176588533895,101.10176588533895,1707.8000994145093
2464.0,56.01126885036118,56.01126885036118,946.1362981479929
2655.0,58.14164592847245,58.14164592847245,982.122397440413
3469.0,66.45952136967493,66.45952136967493,1122.6270501634278
2403.0,55.31360254041131,55.31360254041131,934.3513942637045
2743.0,59.09734402837873,59.09734402837873,998.2659464253163
5188.0,81.2746378526907,81.2746378526907,1372.882396160316
2896.0,60.72315638661277,60.72315638661277,1025.7289930171075
3721.0,68.83112919282627,68.83112919282627,1162.6879931220653
5163.0,81.07857774694648,81.07857774694648,1369.5705700497715
3782.0,69.39302528488281,69.39302528488281,1172.179481163561
2710.0,58.740779414579535,58.740779414579535,992.2428955165461
2887.0,60.62872723099517,60.62872723099517,1024.1339059289724
1963.0,49.9936918652256,49.9936918652256,844.4880382639459
3421.0,65.99812484108159,65.99812484108159,1114.833189883135
3828.0,69.81375922585893,69.81375922585893,1179.286473409779
2966.0,61.452652421880806,61.452652421880806,1038.051561180419
2140.0,52.198971500722585,52.198971500722585,881.7393834581518
3328.0,65.0948631220515,65.0948631220515,1099.5753905751944
2506.0,56.48662053182433,56.48662053182433,954.1658873618974
3861.0,70.11403484483306,70.11403484483306,1184.358696703261
3665.0,68.31122112401718,68.31122112401718,1153.90576223002
3530.0,67.04129766729702,67.04129766729702,1132.4543524881253
3804.0,69.59456320843287,69.59456320843287,1175.583837980285
6561.0,91.39871253473652,91.39871253473652,1543.8971711948736
8412.0,103.49150230966883,103.49150230966883,1748.1672687444059
2497.0,56.38509681825244,56.38509681825244,952.4509597677777
3177.0,63.60095937659755,63.60095937659755,1074.3405300100937
1976.0,50.158960718865394,50.158960718865394,847.2797418727263
7613.0,98.45391131930104,98.45391131930104,1663.0728263395445
7709.0,99.07271900156657,99.07271900156657,1673.5256588102461
2108.0,51.807228842138656,51.807228842138656,875.1221088199097
5318.0,82.2866204124437,82.2866204124437,1389.9766961561434
4617.0,76.67168302601846,76.67168302601846,1295.1297808449062
2371.0,54.94407120488134,54.94407120488134,928.1093108932658
5628.0,84.65100210729638,84.65100210729638,1429.915576136763
3560.0,67.32557299612964,67.32557299612964,1137.2563006102978
6580.0,91.53095762832032,91.53095762832032,1546.1310410189244
2940.0,61.18271211315643,61.18271211315643,1033.491758668183
2584.0,57.358966026207796,57.358966026207796,968.9014531454019
2703.0,58.664865885972546,58.664865885972546,990.9605723981848
3063.0,62.449441354777576,62.449441354777576,1054.8892120739456
2309.0,54.220937918791954,54.220937918791954,915.8942216012153
3502.0,66.77488214637701,66.77488214637701,1127.9540903104223
4181.0,72.96173337125232,72.96173337125232,1232.461712352235
3648.0,68.15260713423864,68.15260713423864,1151.226471862139
5364.0,82.64173835271988,82.64173835271988,1395.9753100121602
3667.0,68.32985738711768,68.32985738711768,1154.2205639715824
9214.0,108.31264545375018,108.31264545375018,1829.6054975295638
3227.0,64.09948526205473,64.09948526205473,1082.761575372546
2031.0,50.85223215707562,50.85223215707562,858.9904080587097
4841.0,78.50957034695148,78.50957034695148,1326.1751747795856
5915.0,86.78255531561909,86.78255531561909,1465.9215424935658
5218.0,81.5092874734412,81.5092874734412,1376.8460721865067
4186.0,73.00534729909441,73.00534729909441,1233.1984341063244
2085.0,51.523824108588975,51.523824108588975,870.334866699138
3172.0,63.55089170027385,63.55089170027385,1073.4947922343556
2827.0,59.99540143182897,59.99540143182897,1013.4358349971109
2617.0,57.72406680555278,57.72406680555278,975.0686960397429
2685.0,58.469207088979,58.469207088979,987.6555251516722
3676.0,68.41365774789752,68.41365774789752,1155.6361106063769
2138.0,52.17457375622515,52.17457375622515,881.327259395695
3795.0,69.51218650186414,69.51218650186414,1174.1923395585159
2927.0,61.047294349871244,61.047294349871244,1031.2042964505276
5511.0,83.76647975792872,83.76647975792872,1414.9743202352824
2816.0,59.87856509615288,59.87856509615288,1011.4622482458257
3713.0,68.75709730349048,68.75709730349048,1161.4374544508528
2167.0,52.527231922509465,52.527231922509465,887.2843230153626
2521.0,56.65542244372859,56.65542244372859,957.0172710089288
2434.0,55.66924691322298,55.66924691322298,940.3589005611989
3217.0,64.00009074534987,64.00009074534987,1081.0826139417206
3580.0,67.514424904252,67.514424904252,1140.4463666258782
6906.0,93.77095656940391,93.77095656940391,1583.9688609696605
10163.0,113.75382847686252,113.75382847686252,1921.517372919975
2816.0,59.87856509615288,59.87856509615288,1011.4622482458257
3135.0,63.1791577400707,63.1791577400707,1067.2155023660591
2956.0,61.34896978953388,61.34896978953388,1036.300165363748
1708.0,46.63360529068772,46.63360529068772,787.7298190994546
4938.0,79.2922245362194,79.2922245362194,1339.3956847334357
2143.0,52.23554675091909,52.23554675091909,882.35720863039
1871.0,48.80810576327963,48.80810576327963,824.461246001345
2702.0,58.654013075614955,58.654013075614955,990.7772478989012
3178.0,63.61096818291911,63.61096818291911,1074.5095976844443
3220.0,64.02992530096552,64.02992530096552,1081.586576029823
2968.0,61.473367963484506,61.473367963484506,1038.4014858696708
2849.0,60.228394158822454,60.228394158822454,1017.3715229530819
1679.0,46.23601621690972,46.23601621690972,781.0137874477992
2679.0,58.40384182864601,58.40384182864601,986.5513822406419
4026.0,71.5965251049502,71.5965251049502,1209.4007619079425
2650.0,58.08687281605183,58.08687281605183,981.1971759468214
5575.0,84.25147157111579,84.25147157111579,1423.166749512091
1871.0,48.80810576327963,48.80810576327963,824.461246001345
4423.0,75.04357738250239,75.04357738250239,1267.6279963260538
5247.0,81.7354751085806,81.7354751085806,1380.666809266564
2489.0,56.29469981131279,56.29469981131279,950.9239832992025
4659.0,77.01962762128315,77.01962762128315,1301.0072233324856
1764.0,47.39192501801153,47.39192501801153,800.5392739528974
4130.0,72.51537298915467,72.51537298915467,1224.921841033018
1813.0,48.04563762304389,48.04563762304389,811.581716605471
4345.0,74.37893399259148,74.37893399259148,1256.4009120370183
3262.0,64.44615888418875,64.44615888418875,1088.6175487194046
4963.0,79.49269061065057,79.49269061065057,1342.781935990719
3088.0,62.70377751094572,62.70377751094572,1059.185430928137
4342.0,74.35325213627227,74.35325213627227,1255.967096896491
2452.0,55.874711307447654,55.874711307447654,943.8295828960752
2411.0,55.40560027972332,55.40560027972332,935.9054101304615
1808.0,47.9793403131095,47.9793403131095,810.4618296133361
2054.0,51.13935886268055,51.13935886268055,863.8405213290633
1189.0,38.90863424344407,38.90863424344407,657.2404433014201
9689.0,111.06942850730344,111.06942850730344,1876.1727788395851
2284.0,53.926608647078034,53.926608647078034,910.9224433628046
2464.0,56.01126885036118,56.01126885036118,946.1362981479929
1009.0,35.84269382507095,35.84269382507095,605.4509092072796
1053.0,36.61586050615398,36.61586050615398,618.5111571985469
960.0,34.961549778946534,34.961549778946534,590.5667192389617
1495.0,43.62903986313552,43.62903986313552,736.977024715127
1172.0,38.62948027646257,38.62948027646257,652.5250046699758
15788.0,141.78119033312828,141.78119033312828,2394.9525394109505
12775.0,127.53679933255226,127.53679933255226,2154.337826563383
1434.0,42.72967946463235,42.72967946463235,721.7851260917625
1940.0,49.699946848927475,49.699946848927475,839.5261292048559
12514.0,126.22725404133541,126.22725404133541,2132.217129076612
1061.0,36.754688911266925,36.754688911266925,620.8562316092385
1044.0,36.45904667847899,36.45904667847899,615.8622749743073
415.0,22.98683125324351,22.98683125324351,388.2910684669511
269.0,18.5067943613625,18.5067943613625,312.61476961760974
476.0,24.61832697999475,24.61832697999475,415.8501179053167
791.0,31.735350634355903,31.735350634355903,536.0701120668226
454.0,24.04268606686374,24.04268606686374,406.1264538321578
189.0,15.512648837479231,15.512648837479231,262.0379871195816
769.0,31.29091257699814,31.29091257699814,528.5627124492929
637.0,28.479002615897535,28.479002615897535,481.0642333766475
744.0,30.77808020788433,30.77808020788433,519.9000035115596
1337.0,41.25919620291836,41.25919620291836,696.9458818060533
1965.0,50.01915338552418,50.01915338552418,844.9181315122327
468.0,24.410573670769317,24.410573670769317,412.3407714656979
2100.0,51.708829458264105,51.708829458264105,873.459957065272
479.0,24.695783889727878,24.695783889727878,417.15851165080875
499.0,25.206081266687335,25.206081266687335,425.7783997751239
1281.0,40.38588685179197,40.38588685179197,682.1940346586482
940.0,34.595450164018,34.595450164018,584.3826041219256
1034.0,36.2840142384516,36.2840142384516,612.9056459197905
617.0,28.02835705319874,28.02835705319874,473.4519772499787
1305.0,40.76245338395847,40.76245338395847,688.5549558101093
900.0,33.851375012865375,33.851375012865375,571.8137671092124
763.0,31.1686023528956,31.1686023528956,526.4966613664798
606.0,27.777385840094972,27.777385840094972,469.2125986502529
774.0,31.39247374172695,31.39247374172695,530.2782726643065
685.0,29.53250900522315,29.53250900522315,498.8599494125532
702.0,29.896724911001275,29.896724911001275,505.0122451182648
698.0,29.811427376513585,29.811427376513585,503.5714083870538
2055.0,51.151806072031896,51.151806072031896,864.050778243782
613.0,27.937355653723827,27.937355653723827,471.9147914480376
1485.0,43.482878514786904,43.482878514786904,734.5080830200491
2106.0,51.782646525764335,51.782646525764335,874.7068669892624
2030.0,50.83971160237222,50.83971160237222,858.7789122022334
488.0,24.926710529686012,24.926710529686012,421.05929948793937
465.0,24.33220886606579,24.33220886606579,411.0170416565167
1366.0,41.70425899243664,41.70425899243664,704.4638343317
1139.0,38.08175207961617,38.08175207961617,643.2728391827056
874.0,33.35882734897215,33.35882734897215,563.4937052191241
786.0,31.634890266315733,31.634890266315733,534.3731463904684
1586.0,44.937266471715525,44.937266471715525,759.0754471573568
976.0,35.25169209643019,35.25169209643019,595.4677718991586
1389.0,42.0538907550436,42.0538907550436,710.3697762676283
927.0,34.355393433484295,34.355393433484295,580.3275917818293
794.0,31.79547449747714,31.79547449747714,537.0857178627895
493.0,25.05408341078227,25.05408341078227,423.21086842537613
955.0,34.870385217575105,34.870385217575105,589.0267773239037
921.0,34.24403043891132,34.24403043891132,578.4464601167452
1017.0,35.98450523483212,35.98450523483212,607.846372210002
816.0,32.23295624828558,32.23295624828558,544.4756123021212
646.0,28.679483013103898,28.679483013103898,484.45072657270094
567.0,26.86869594648831,26.86869594648831,453.86310720419436
562.0,26.749964937194992,26.749964937194992,451.8575158309965
1810.0,48.0058702240741,48.0058702240741,810.9099700012516
432.0,23.452920571340155,23.452920571340155,396.1641988402053
1249.0,39.87826715611172,39.87826715611172,673.6193776370222
1014.0,35.93139154501889,35.93139154501889,606.9491815036974
1522.0,44.02125153930676,44.02125153930676,743.6022219477493
1098.0,37.390065794529015,37.390065794529015,631.588949231909
1513.0,43.89090374080148,43.89090374080148,741.400401027052
645.0,28.65727667372076,28.65727667372076,484.0756194885263
501.0,25.25654394235911,25.25654394235911,426.63080983714707
1022.0,36.07285426355026,36.07285426355026,609.3387544518625
435.0,23.534213434057992,23.534213434057992,397.5373890888174
1227.0,39.525497104907416,39.525497104907416,667.660424069382
718.0,30.23550881198871,30.23550881198871,510.7349461484579
1160.0,38.43120960746342,38.43120960746342,649.1758379639091
431.0,23.42576026046658,23.42576026046658,395.70540980517865
157.0,14.138550439257221,14.138550439257221,238.8268655279936
1270.0,40.212115361090575,40.212115361090575,679.2587054238272
627.0,28.254578293596012,28.254578293596012,477.2732819864191
1477.0,43.36559474484162,43.36559474484162,732.5269382574598
793.0,31.775445850136926,31.775445850136926,536.7473961171778
902.0,33.88896677904354,33.88896677904354,572.4487631595193
692.0,29.683021493047715,29.683021493047715,501.40239008526544
649.0,28.745999104799274,28.745999104799274,485.5743092026904
687.0,29.575590733458846,29.575590733458846,499.58768130842645
994.0,35.575273821388244,35.575273821388244,600.9336794153419
793.0,31.775445850136926,31.775445850136926,536.7473961171778
1270.0,40.212115361090575,40.212115361090575,679.2587054238272
615.0,27.982893345973448,27.982893345973448,472.6840092225244
1429.0,42.65512055341712,42.65512055341712,720.5256850239379
1777.0,47.56623456817225,47.56623456817225,803.4836920299366
908.0,34.00149271163735,34.00149271163735,574.3495390479281
574.0,27.034043328329254,27.034043328329254,456.656137302859
1011.0,35.878199226372125,35.878199226372125,606.0506626076373
1029.0,36.19618062078487,36.19618062078487,611.4219699456904
533.0,26.05065598682386,26.05065598682386,440.0448646422949
748.0,30.860706075232656,30.860706075232656,521.2957107302814
1101.0,37.441110276718746,37.441110276718746,632.4511871067356
1536.0,44.223251132330944,44.223251132330944,747.01437723532
489.0,24.952237121658943,24.952237121658943,421.4904919199146
282.0,18.948708441878455,18.948708441878455,320.0795344911901
1156.0,38.36489168124743,38.36489168124743,648.0556027237741
915.0,34.13230410377644,34.13230410377644,576.5591909421696
448.0,23.883285285767386,23.883285285767386,403.433873070395
555.0,26.582850624566497,26.582850624566497,449.0346389284881
1345.0,41.382450237616354,41.382450237616354,699.0278756354113
652.0,28.812361638146328,28.812361638146328,486.6952979416609
809.0,32.09440436728413,32.09440436728413,542.1352089068265
1361.0,41.62786350972815,41.62786350972815,703.1733700967593
564.0,26.797520467958073,26.797520467958073,452.66081871550796
1815.0,48.07213094605148,48.07213094605148,812.0292389535723
1560.0,44.56740613707347,44.56740613707347,752.8278063694843
816.0,32.23295624828558,32.23295624828558,544.4756123021212
1598.0,45.106948383666904,45.106948383666904,761.9416956700491
660.0,28.988585676524604,28.988585676524604,489.6720553466994
927.0,34.355393433484295,34.355393433484295,580.3275917818293
1395.0,42.14462201640385,42.14462201640385,711.9023989257407
970.0,35.1431694414876,35.1431694414876,593.6346189440472
669.0,29.185565874723483,29.185565874723483,492.9994235595183
925.0,34.318312587888485,34.318312587888485,579.701226146765
1281.0,40.38588685179197,40.38588685179197,682.1940346586482
914.0,34.11364747264559,34.11364747264559,576.2440451460403
863.0,33.14823867276277,33.14823867276277,559.9364640669387
491.0,25.003212122944625,25.003212122944625,422.35155613082134
960.0,34.961549778946534,34.961549778946534,590.5667192389617
780.0,31.513915099419602,31.513915099419602,532.3296469496554
884.0,33.549124542167775,33.549124542167775,566.7081848339151
1021.0,36.05520177692258,36.05520177692258,609.0405705561246
526.0,25.879026267050612,25.879026267050612,437.1457139704495
868.0,33.244126170349574,33.244126170349574,561.556185309959
970.0,35.1431694414876,35.1431694414876,593.6346189440472
169.0,14.668929172241665,14.668929172241665,247.7859657473254
815.0,32.21319960760119,32.21319960760119,544.1418852635336
470.0,24.462677409178383,24.462677409178383,413.2209021820673
979.0,35.30582833323309,35.30582833323309,596.382235358667
2084.0,51.51146679359926,51.51146679359926,870.1261282702577
792.0,31.755404570407364,31.755404570407364,536.4088609866109
1190.0,38.92499271977894,38.92499271977894,657.5167689151848
1610.0,45.27599437918081,45.27599437918081,764.7972023510272
841.0,32.722995845769866,32.722995845769866,552.753308205572
487.0,24.901157769991823,24.901157769991823,420.62766503364566
1088.0,37.219411933450225,37.219411933450225,628.7062826596322
1656.0,45.91823914395487,45.91823914395487,775.6459314857242
1153.0,38.31507790778511,38.31507790778511,647.2141538477214
744.0,30.77808020788433,30.77808020788433,519.9000035115596
1305.0,40.76245338395847,40.76245338395847,688.5549558101093
556.0,26.60678836073137,26.60678836073137,449.43899257992183
697.0,29.790064831759068,29.790064831759068,503.2105545905248
817.0,32.252700786889584,32.252700786889584,544.8091349136754
547.0,26.390567083147985,26.390567083147985,445.7866061342565
628.0,28.277100878514442,28.277100878514442,477.6537310559872
1499.0,43.687367482580235,43.687367482580235,737.9622885570985
588.0,27.361740666563517,27.361740666563517,462.1915653135729
1025.0,36.12575996921783,36.12575996921783,610.2324319124633
1385.0,41.99329433919421,41.99329433919421,709.3461881620643
1333.0,41.197430904511165,41.197430904511165,695.9025490626885
963.0,35.01613458935697,35.01613458935697,591.4887599553542
1061.0,36.754688911266925,36.754688911266925,620.8562316092385
1297.0,40.63731892634535,40.63731892634535,686.441198080158
496.0,25.13019725725687,25.13019725725687,424.4965752915012
516.0,25.631847476983474,25.631847476983474,432.97039657066676
788.0,31.675112647807715,31.675112647807715,535.0525785102654
586.0,27.315167457198672,27.315167457198672,461.4048556959235
1780.0,47.60636921283317,47.60636921283317,804.1616421086684
624.0,28.18690255978371,28.18690255978371,476.1301108071573
953.0,34.833852588144914,34.833852588144914,588.4096720970424
592.0,27.45465007031079,27.45465007031079,463.760980917412
857.0,33.032806266468405,33.032806266468405,557.9865923389933
790.0,31.71528401797434,31.71528401797434,535.7311489522692
624.0,28.18690255978371,28.18690255978371,476.1301108071573
2326.0,54.420172556268035,54.420172556268035,919.2596715585817
1175.0,38.678889139475245,38.678889139475245,653.3596138424872
425.0,23.26213245840639,23.26213245840639,392.9414266622701
1052.0,36.59846992787254,36.59846992787254,618.2173974302794
1067.0,36.85846706297507,36.85846706297507,622.609240928633
650.0,28.76813695875796,28.76813695875796,485.94825943847906
907.0,33.982764264767994,33.982764264767994,574.0331801481079
1254.0,39.958007821935944,39.958007821935944,674.9663483435125
507.0,25.40733061895184,25.40733061895184,429.17788207688915
519.0,25.70625067405882,25.70625067405882,434.2272073320746
941.0,34.61384710770804,34.61384710770804,584.6933633058791
843.0,32.7618823667344,32.7618823667344,553.4101751137567
2102.0,51.733446850498105,51.733446850498105,873.875791393549
700.0,29.854106607209232,29.854106607209232,504.2923413379938
821.0,32.33155836373447,32.33155836373447,546.1411885765958
808.0,32.07456238432586,32.07456238432586,541.8000402757746
633.0,28.38944578214513,28.38944578214513,479.5514490227218
847.0,32.839517267930155,32.839517267930155,554.7215754717931
466.0,24.35835848013133,24.35835848013133,411.45875811032647
843.0,32.7618823667344,32.7618823667344,553.4101751137567
724.0,30.361578193306386,30.361578193306386,512.8644965085538
1532.0,44.16563123667847,44.16563123667847,746.0410681871364
443.0,23.74963406702674,23.74963406702674,401.17625113220845
830.0,32.5082885143187,32.5082885143187,549.1264951743024
1378.0,41.88703967392604,41.88703967392604,707.5513458433452
853.0,32.9556267071208,32.9556267071208,556.6828835662297
626.0,28.2320377409108,28.2320377409108,476.89252940727704
1232.0,39.60594802695323,39.60594802695323,669.0193923471829
569.0,26.916041702938184,26.916041702938184,454.66286660368553
681.0,29.44615645486938,29.44615645486938,497.4012914673882
1256.0,39.989859566987285,39.989859566987285,675.5043845774879
499.0,25.206081266687335,25.206081266687335,425.7783997751239
419.0,23.09734550211416,23.09734550211416,390.1578632113878
1004.0,35.75377606511099,35.75377606511099,603.9489200187667
853.0,32.9556267071208,32.9556267071208,556.6828835662297
567.0,26.86869594648831,26.86869594648831,453.86310720419436
282.0,18.948708441878455,18.948708441878455,320.0795344911901
949.0,34.76067214473376,34.76067214473376,587.1735159583405
602.0,27.685559519911603,27.685559519911603,467.66147837688516
626.0,28.2320377409108,28.2320377409108,476.89252940727704
593.0,27.47782833536798,27.47782833536798,464.15250566499964
1226.0,39.5093872623369,39.5093872623369,667.3882983502855
989.0,35.485685983831225,35.485685983831225,599.4203713485003
579.0,27.151532118863187,27.151532118863187,458.64074525106736
687.0,29.575590733458846,29.575590733458846,499.58768130842645
866.0,33.20580439833751,33.20580439833751,560.9088580800255
989.0,35.485685983831225,35.485685983831225,599.4203713485003
1512.0,43.87639674858871,43.87639674858871,741.1553504829174
931.0,34.42943531556155,34.42943531556155,581.5782992493505
440.0,23.66908109081279,23.66908109081279,399.8155589664322
373.0,21.792621462004423,21.792621462004423,368.1186057771017
1112.0,37.62768095093692,37.62768095093692,635.6027187658264
672.0,29.25093116572581,29.25093116572581,494.10356698861165
699.0,29.83277462405867,29.83277462405867,503.9320037847748
799.0,31.895429080722444,31.895429080722444,538.7741398770683
1705.0,46.59263271992099,46.59263271992099,787.0377148635303
936.0,34.52176435050956,34.52176435050956,583.137911326175
875.0,33.37790589062273,33.37790589062273,563.8159778821406
752.0,30.943111311580196,30.943111311580196,522.6876910739898
1210.0,39.25073055536097,39.25073055536097,663.0190972189353
647.0,28.701672171559103,28.701672171559103,484.82554343849836
1342.0,41.3362730423848,41.3362730423848,698.2478554456892
1669.0,46.09812143854657,46.09812143854657,778.6844837592325
1615.0,45.34624421875849,45.34624421875849,765.9838550465961
855.0,32.99423905394037,32.99423905394037,557.3351191543981
689.0,29.618609797263055,29.618609797263055,500.3143546834975
681.0,29.44615645486938,29.44615645486938,497.4012914673882
996.0,35.61104585035691,35.61104585035691,601.5379366614343
497.0,25.15551736167189,25.15551736167189,424.9242797579711
747.0,30.8400703617415,30.8400703617415,520.9471344888767
977.0,35.269746741453275,35.269746741453275,595.772749011035
616.0,28.00563442518059,28.00563442518059,473.06814907399644
2828.0,60.00601163642723,60.00601163642723,1013.6150614261356
700.0,29.854106607209232,29.854106607209232,504.2923413379938
706.0,29.98177977677484,29.98177977677484,506.4489827157912
727.0,30.424416987387996,30.424416987387996,513.9259626247972
1122.0,37.796491493164446,37.796491493164446,638.4542481953454
1070.0,36.910246719124274,36.910246719124274,623.4838972825046
845.0,32.80072278626208,32.80072278626208,554.066263281454
442.0,23.722813466638858,23.722813466638858,400.7232004499807
575.0,27.05758189903005,27.05758189903005,457.0537482944265
1315.0,40.91833331560242,40.91833331560242,691.1880627635543
1466.0,43.203809699860365,43.203809699860365,729.7940827679115
828.0,32.46909827883606,32.46909827883606,548.4644979533117
934.0,34.484862400517734,34.484862400517734,582.5145675763131
611.0,27.891743614073043,27.891743614073043,471.14431780528787
844.0,32.78130832893156,32.78130832893156,553.7383163670871
856.0,33.01352829210018,33.01352829210018,557.6609508800707
1407.0,42.32550105364819,42.32550105364819,714.9577880683815
377.0,21.909160375631842,21.909160375631842,370.0871685072946
740.0,30.695231927842155,30.695231927842155,518.500539321658
648.0,28.723844188903154,28.723844188903154,485.2000707584992
374.0,21.821814538001895,21.821814538001895,368.6117320608428
723.0,30.340603007249587,30.340603007249587,512.51018593327
1234.0,39.63808267566925,39.63808267566925,669.5622073592779
1915.0,49.37867685720058,49.37867685720058,834.0992712364963
1284.0,40.43314946229083,40.43314946229083,682.9923895657234
900.0,33.851375012865375,33.851375012865375,571.8137671092124
819.0,32.29215364663835,32.29215364663835,545.4755683553775
1104.0,37.492085263260826,37.492085263260826,633.3122510685951
911.0,34.05761625912379,34.05761625912379,575.2975719446586
838.0,32.66457926390705,32.66457926390705,551.7665416200515
1181.0,38.77751800118501,38.77751800118501,655.0256419119089
1184.0,38.826738479640966,38.826738479640966,655.8570689128542
850.0,32.897623212397704,32.897623212397704,555.7030948040152
1179.0,38.7446696107059,38.7446696107059,654.4707704511131
999.0,35.66463661935206,35.66463661935206,602.4431861377037
1009.0,35.84269382507095,35.84269382507095,605.4509092072796
1975.0,50.14626706796774,50.14626706796774,847.0653220940496
733.0,30.549706811864404,30.549706811864404,516.0423447950068
848.0,32.85889733292062,32.85889733292062,555.04894143447
590.0,27.408234736913393,27.408234736913393,462.976938123537
970.0,35.1431694414876,35.1431694414876,593.6346189440472
685.0,29.53250900522315,29.53250900522315,498.8599494125532
1968.0,50.057321382978536,50.057321382978536,845.5628611989617
872.0,33.32063749403756,33.32063749403756,562.8486063182021
1305.0,40.76245338395847,40.76245338395847,688.5549558101093
661.0,29.010538413996088,29.010538413996088,490.0428786147988
679.0,29.40288507740653,29.40288507740653,496.6703560372724
435.0,23.534213434057992,23.534213434057992,397.5373890888174
1419.0,42.505610382385946,42.505610382385946,718.000175378141
1188.0,38.89226888657144,38.89226888657144,656.9640014623554
658.0,28.944630252185586,28.944630252185586,488.92956507070244
829.0,32.48869930584249,32.48869930584249,548.7955963824744
660.0,28.988585676524604,28.988585676524604,489.6720553466994
1058.0,36.70268979693181,36.70268979693181,619.9778681914156
630.0,28.32209231647889,28.32209231647889,478.4137215621434
1206.0,39.1857996084118,39.1857996084118,661.9222906826317
878.0,33.43507619667515,33.43507619667515,564.7816925114045
633.0,28.38944578214513,28.38944578214513,479.5514490227218
529.0,25.95272084319679,25.95272084319679,438.39055478372956
571.0,26.963304323539017,26.963304323539017,455.4612216814023
1277.0,40.3227838650409,40.3227838650409,681.1281058283935
904.0,33.92651689225682,33.92651689225682,573.0830556124463
717.0,30.2144461073691,30.2144461073691,510.3791572190726
1432.0,42.69987152276635,42.69987152276635,721.2816135602424
1384.0,41.97813156768016,41.97813156768016,709.0900602648675
592.0,27.45465007031079,27.45465007031079,463.760980917412
1740.0,47.068426868115985,47.068426868115985,795.0747781776348
1441.0,42.83384390833222,42.83384390833222,723.5446606137199
1959.0,49.94272988269848,49.94272988269848,843.6271939645013
802.0,31.955251757380985,31.955251757380985,539.7846580638679
1341.0,41.32086917635994,41.32086917635994,697.9876550060801
598.0,27.59342761875783,27.59342761875783,466.10519626280114
1164.0,38.497413290657974,38.497413290657974,650.2941434232765
1198.0,39.05561386782603,39.05561386782603,659.723207226791
1010.0,35.86045091995518,35.86045091995518,605.750860134378
667.0,29.14190756176324,29.14190756176324,492.2619520568115
1282.0,40.4016471984804,40.4016471984804,682.4602567310877
1054.0,36.63324282875953,36.63324282875953,618.8047775128298
1133.0,37.98131651463571,37.98131651463571,641.5762924769544
882.0,33.511151553720346,33.511151553720346,566.066749218249
1096.0,37.355997390375464,37.355997390375464,631.0134694320179
1179.0,38.7446696107059,38.7446696107059,654.4707704511131
1533.0,44.1800432557394,44.1800432557394,746.2845144550574
1234.0,39.63808267566925,39.63808267566925,669.5622073592779
721.0,30.29860907292697,30.29860907292697,511.80082893457717
1119.0,37.7459276023076,37.7459276023076,637.6001284173582
1436.0,42.75946662716566,42.75946662716566,722.2882876210415
999.0,35.66463661935206,35.66463661935206,602.4431861377037
867.0,33.224970809398556,33.224970809398556,561.2326150236242
1024.0,36.1081333470564,36.1081333470564,609.9346849164932
1929.0,49.5588446374018,49.5588446374018,837.1426459020573
1602.0,45.16336735304101,45.16336735304101,762.8947188013684
556.0,26.60678836073137,26.60678836073137,449.43899257992183
1169.0,38.580008136279666,38.580008136279666,651.6893266263456
667.0,29.14190756176324,29.14190756176324,492.2619520568115
979.0,35.30582833323309,35.30582833323309,596.382235358667
446.0,23.829914749152643,23.829914749152643,402.53234373568654
413.0,22.93137440223813,22.93137440223813,387.3542973351035
866.0,33.20580439833751,33.20580439833751,560.9088580800255
791.0,31.735350634355903,31.735350634355903,536.0701120668226
1322.0,41.02709687681892,41.02709687681892,693.0252850814007
661.0,29.010538413996088,29.010538413996088,490.0428786147988
749.0,30.881327999401787,30.881327999401787,521.644054043949
1801.0,47.886369877743164,47.886369877743164,808.8913830699859
714.0,30.15116971098976,30.15116971098976,509.3102991721243
786.0,31.634890266315733,31.634890266315733,534.3731463904684
1078.0,37.04797199880859,37.04797199880859,625.8103378177127
1389.0,42.0538907550436,42.0538907550436,710.3697762676283
531.0,26.001734523957655,26.001734523957655,439.2184885803658
889.0,33.64386950500135,33.64386950500135,568.3086065034012
749.0,30.881327999401787,30.881327999401787,521.644054043949
1179.0,38.7446696107059,38.7446696107059,654.4707704511131
1033.0,36.266464532835606,36.266464532835606,612.6091981897906
1820.0,48.13830046250071,48.13830046250071,813.1469672719714
1621.0,45.430400636750925,45.430400636750925,767.4054161613332
882.0,33.511151553720346,33.511151553720346,566.066749218249
907.0,33.982764264767994,33.982764264767994,574.0331801481079
883.0,33.53014342350997,33.53014342350997,566.3875578295603
389.0,22.255115881567058,22.255115881567058,375.931011512957
996.0,35.61104585035691,35.61104585035691,601.5379366614343
1367.0,41.719521301819455,41.719521301819455,704.7216436118151
1093.0,37.3048364477789,37.3048364477789,630.1492643205894
1673.0,46.153328789394244,46.153328789394244,779.6170403613893
793.0,31.775445850136926,31.775445850136926,536.7473961171778
891.0,33.681692866586,33.681692866586,568.947514638277
1259.0,40.03758967297569,40.03758967297569,676.3106363678326
1197.0,39.039310125154486,39.039310125154486,659.4478061681501
1038.0,36.3541283410165,36.3541283410165,614.0900057604138
1179.0,38.7446696107059,38.7446696107059,654.4707704511131
482.0,24.77299861870477,24.77299861870477,418.4628145051481
903.0,33.90774703361832,33.90774703361832,572.7659971894986
651.0,28.79025779013781,28.79025779013781,486.32192213070624
854.0,32.97493853222215,32.97493853222215,557.0090968280767
1433.0,42.714778093834084,42.714778093834084,721.5334137471973
713.0,30.130048048354833,30.130048048354833,508.9535143303181
967.0,35.088782249586586,35.088782249586586,592.7159163781517
344.0,20.928315827817965,20.928315827817965,353.518848442871
1604.0,45.19155042433487,45.19155042433487,763.3707841948458
690.0,29.640095915284455,29.640095915284455,500.67729586629144
392.0,22.34076770248023,22.34076770248023,377.377832812166
594.0,27.500987065425246,27.500987065425246,464.5437004294805
815.0,32.21319960760119,32.21319960760119,544.1418852635336
765.0,31.209425687160593,31.209425687160593,527.1862447155505
744.0,30.77808020788433,30.77808020788433,519.9000035115596
1119.0,37.7459276023076,37.7459276023076,637.6001284173582
641.0,28.568278705151968,28.568278705151968,482.5722754248643
1301.0,40.69993424688112,40.69993424688112,687.4988893054243
789.0,31.695204697178458,31.695204697178458,535.3919712361226
1212.0,39.28315578233268,39.28315578233268,663.5668206475115
1565.0,44.63877112455639,44.63877112455639,754.033296022912
1042.0,36.424107478619696,36.424107478619696,615.2720857874948
1138.0,38.065031221695,38.065031221695,642.9903922583615
862.0,33.12902786925252,33.12902786925252,559.6119572508871
1532.0,44.16563123667847,44.16563123667847,746.0410681871364
521.0,25.75573339679963,25.75573339679963,435.06306413512885
740.0,30.695231927842155,30.695231927842155,518.500539321658
481.0,24.747287144606645,24.747287144606645,418.0284990643014
1147.0,38.2152555638613,38.2152555638613,645.5279656057652
1175.0,38.678889139475245,38.678889139475245,653.3596138424872
1438.0,42.78923305376207,42.78923305376207,722.791098881116
1094.0,37.32189788770486,37.32189788770486,630.4374643193388
1306.0,40.77806819142028,40.77806819142028,688.8187194496669
1307.0,40.79367702192164,40.79367702192164,689.0823821270546
947.0,34.72402408800281,34.72402408800281,586.5544609459934
870.0,33.282403818227905,33.282403818227905,562.2027671997956
1008.0,35.82492792865108,35.82492792865108,605.1508096055925
1110.0,37.59382787980004,37.59382787980004,635.0308763479736
1063.0,36.78931415579092,36.78931415579092,621.4411174964682
1212.0,39.28315578233268,39.28315578233268,663.5668206475115
645.0,28.65727667372076,28.65727667372076,484.0756194885263
565.0,26.821266613927218,26.821266613927218,453.06193604606784
474.0,24.566553364370574,24.566553364370574,414.97556358734073
742.0,30.736683981742253,30.736683981742253,519.2007429348354
1426.0,42.61032258493641,42.61032258493641,719.7689625833854
378.0,21.938198374294355,21.938198374294355,370.5776752414587
465.0,24.33220886606579,24.33220886606579,411.0170416565167
944.0,34.668979365276876,34.668979365276876,585.6246514404877
903.0,33.90774703361832,33.90774703361832,572.7659971894986
1379.0,41.90223540802793,41.90223540802793,707.8080305410123
624.0,28.18690255978371,28.18690255978371,476.1301108071573
467.0,24.384480051691096,24.384480051691096,411.90000087316037
701.0,29.87542335866304,29.87542335866304,504.6524215990378
